Review #,Brand,Style,Country,Stars,Codes
2580,New Touch,Cup,Japan,3.75,JPN
2579,Just Way,Pack,Taiwan,1,TWN
2578,Nissin,Cup,USA,2.25,USA
2577,Wei Lih,Pack,Taiwan,2.75,TWN
2576,Ching's Secret,Pack,India,3.75,IND
2575,Samyang Foods,Pack,South Korea,4.75,PRK
2574,Acecook,Cup,Japan,4,JPN
2573,Ikeda Shoku,Tray,Japan,3.75,JPN
2572,Ripe'n'Dry,Pack,Japan,0.25,JPN
2571,KOKA,Pack,Singapore,2.5,SGP
2570,Tao Kae Noi,Pack,Thailand,5,THA
2569,Yamachan,Pack,USA,5,USA
2568,Nongshim,Pack,South Korea,4.25,PRK
2567,Nissin,Bowl,Japan,4.5,JPN
2566,Nissin,Pack,Hong Kong,5,HKG
2565,KOKA,Cup,Singapore,3.5,SGP
2564,TRDP,Pack,India,3.75,IND
2563,Yamachan,Pack,USA,5,USA
2562,Binh Tay,Pack,Vietnam,4,VNM
2561,Paldo,Pack,South Korea,4,PRK
2560,Nissin,Cup,Hong Kong,4.25,HKG
2559,Jackpot Teriyaki,Pack,USA,5,USA
2558,KOKA,Cup,Singapore,5,SGP
2557,Yamachan,Pack,USA,4.75,USA
2556,Ching's Secret,Pack,India,4.25,IND
2555,Samyang Foods,Bowl,South Korea,4.25,PRK
2554,Yum-Mie,Pack,Ghana,3.5,GHN
2553,Nissin,Bowl,Japan,4.75,JPN
2552,MyKuali,Bowl,Malaysia,5,MYS
2551,KOKA,Pack,Singapore,4,SGP
2550,Samyang Foods,Pack,South Korea,5,PRK
2549,Nissin,Pack,Indonesia,4.5,IDN
2547,Sichuan Guangyou,Bowl,China,4,CHN
2546,New Touch,Bowl,Japan,3.75,JPN
2545,KOKA,Pack,Singapore,5,SGP
2544,Lipton,Box,USA,1.5,USA
2543,KOKA,Cup,Singapore,5,SGP
2542,Acecook,Tray,Japan,1.5,JPN
2541,Nissin,Cup,USA,5,USA
2540,Wei Lih,Pack,Taiwan,3.25,TWN
2539,Nissin,Cup,Hong Kong,3.75,HKG
2538,Nissin,Cup,USA,5,USA
2537,Nissin,Cup,Singapore,5,SGP
2536,Lele,Pack,Ghana,3.5,GHN
2535,Nissin,Cup,USA,5,USA
2534,Fujiwara,Pack,Japan,4,JPN
2533,Nongshim,Pack,South Korea,5,PRK
2532,Nissin,Bowl,Japan,4.75,JPN
2531,Uni-President,Pack,China,4.25,CHN
2530,Ottogi,Pack,South Korea,2,PRK
2529,Maruchan,Bowl,Japan,4.5,JPN
2528,Prima,Pack,Singapore,5,SGP
2527,Uni-President,Pack,Vietnam,0,VNM
2526,Samyang Foods,Bowl,South Korea,4.5,PRK
2525,Sokensha,Pack,Japan,3.5,JPN
2524,Nissin,Pack,Singapore,5,SGP
2523,Nongshim,Pack,South Korea,4.5,PRK
2522,Takamori,Pack,Japan,5,JPN
2521,Nissin,Pack,Singapore,4.5,SGP
2520,Nissin,Cup,Singapore,5,SGP
2519,Guava Story,Tray,South Korea,1,PRK
2518,Samurai Ramen,Pack,Japan,4,JPN
2517,Ikeda Shoku,Bowl,Japan,4.5,JPN
2516,Fujiwara,Pack,Japan,3.5,JPN
2515,Uni-President,Bowl,Taiwan,5,TWN
2514,Ogasawara,Pack,Japan,4.5,JPN
2513,Pringles,Can,USA,3.5,USA
2512,Mom's Dry Noodle,Pack,Taiwan,5,TWN
2511,Samyang Foods,Bowl,South Korea,5,PRK
2510,MyKuali,Pack,Malaysia,5,MYS
2509,Maggi,Pack,India,3.5,IND
2508,Samyang Foods,Pack,South Korea,3.75,PRK
2507,Indomie,Pack,Indonesia,4,IDN
2506,KOKA,Pack,Singapore,3.75,SGP
2505,Acecook,Bowl,Japan,3.5,JPN
2504,Nongshim,Pack,South Korea,3,PRK
2503,Sichuan Guangyou,Bowl,China,0,CHN
2502,Indomie,Pack,Nigeria,1.5,NGA
2501,Happy Cook,Pack,Taiwan,4,TWN
2500,The Ramen Rater Select,Box,Malaysia,5,MYS
2499,KOKA,Cup,Singapore,5,SGP
2498,Nissin,Pack,Germany,3.75,DEU
2497,Nissin,Cup,Germany,3.75,DEU
2496,Nissin,Pack,Germany,4.5,DEU
2495,Nissin,Cup,Germany,3.75,DEU
2494,Nissin,Pack,Germany,3.5,DEU
2493,Nissin,Cup,Germany,3.75,DEU
2492,Nissin,Pack,Hungary,3.75,HUN
2491,Nissin,Cup,Germany,5,DEU
2490,Nissin,Pack,Germany,3.5,DEU
2489,Nissin,Cup,Germany,3,DEU
2488,Nissin,Pack,Germany,3.75,DEU
2487,Nissin,Cup,Germany,4.5,DEU
2486,Nissin,Pack,Germany,3.5,DEU
2485,Nissin,Cup,Germany,3,DEU
2484,Nissin,Pack,Germany,4,DEU
2483,Paldo,Bowl,South Korea,5,PRK
2482,TTL,Pack,Taiwan,4.75,TWN
2481,Samyang Foods,Cup,South Korea,3.75,PRK
2480,Acecook,Bowl,Japan,4.25,JPN
2479,E-Zee,Pack,Malaysia,4,MYS
2478,Kiki Noodle,Pack,Taiwan,5,TWN
2477,Kiki Noodle,Pack,Taiwan,5,TWN
2476,Samyang Foods,Bowl,South Korea,4,PRK
2475,Maruchan,Bowl,Japan,4.75,JPN
2474,Ottogi,Pack,South Korea,4.25,PRK
2473,Tokyo Noodle,Pack,Japan,2,JPN
2472,GGE,Pack,Taiwan,3.5,TWN
2471,Nissin,Cup,Hong Kong,5,HKG
2470,Myojo,Pack,USA,3.75,USA
2469,KOKA,Cup,Singapore,3.5,SGP
2468,Acecook,Cup,Japan,4.25,JPN
2467,Paldo,Pack,South Korea,3.5,PRK
2466,Sau Tao,Pack,Hong Kong,4,HKG
2465,Nissin,Cup,China,3.75,CHN
2464,Wang,Bowl,South Korea,2,PRK
2463,Nissin,Pack,Indonesia,3.25,IDN
2462,TTL,Bowl,Taiwan,5,TWN
2461,Fujiwara,Pack,Japan,4.5,JPN
2460,Daifuku,Bowl,USA,5,USA
2459,Nissin,Pack,Japan,3.5,JPN
2457,KOKA,Pack,Singapore,3.5,SGP
2456,KOKA,Pack,Singapore,4.25,SGP
2455,KOKA,Cup,Singapore,5,SGP
2454,KOKA,Bowl,Singapore,3.25,SGP
2453,KOKA,Pack,Singapore,4.5,SGP
2452,KOKA,Bowl,Singapore,5,SGP
2451,KOKA,Pack,Singapore,5,SGP
2450,KOKA,Pack,Singapore,4,SGP
2449,KOKA,Pack,Singapore,5,SGP
2448,KOKA,Cup,Singapore,3.5,SGP
2447,KOKA,Pack,Singapore,3,SGP
2446,KOKA,Cup,Singapore,5,SGP
2445,KOKA,Pack,Singapore,4.25,SGP
2444,KOKA,Bowl,Singapore,5,SGP
2443,KOKA,Cup,Singapore,3.75,SGP
2442,Nissin,Cup,Mexico,3.5,MEX
2441,MyKuali,Box,Japan,5,JPN
2440,Master Kong,Pack,China,4.5,CHN
2439,Uni-President,Bowl,Taiwan,5,TWN
2438,World O' Noodle,Pack,Indonesia,5,IDN
2437,Nissin,Bowl,Japan,4.5,JPN
2436,Kang Shi Fu,Pack,Hong Kong,4.75,HKG
2435,Mum Ngon,Pack,Vietnam,3.5,VNM
2434,Happy Cook,Pack,Taiwan,4.25,TWN
2433,Nissin,Cup,Japan,3.75,JPN
2432,Fashion Food,Bowl,Thailand,3.5,THA
2431,Dream Kitchen,Bowl,USA,3.75,USA
2430,MyKuali,Pack,Malaysia,5,MYS
2429,New Touch,Cup,Japan,4,JPN
2428,TTL,Bowl,Taiwan,5,TWN
2427,Ajinatori,Pack,Japan,2.5,JPN
2426,Dr. McDougall's,Cup,USA,0,USA
2425,Nissin,Cup,Hong Kong,5,HKG
2424,Samyang Foods,Pack,South Korea,3.75,PRK
2423,Ve Wong,Pack,Taiwan,3.5,TWN
2422,Nissin,Cup,Mexico,3.25,MEX
2421,Uni-President,Pack,Taiwan,5,TWN
2420,Nissin,Cup,China,3.75,CHN
2419,MyKuali,Box,Japan,5,JPN
2418,Myojo,Tray,Japan,4.5,JPN
2417,Super Bihun,Pack,Indonesia,3.75,IDN
2416,Xiuhe,Bowl,China,4.25,CHN
2415,Nissin,Bowl,Japan,5,JPN
2414,Little Cook,Bowl,Taiwan,5,TWN
2413,Nissin,Cup,Hong Kong,2.5,HKG
2412,Shirakiku,Pack,USA,3.25,USA
2411,Mama Pat's,Pack,USA,3.75,USA
2410,Mama Pat's,Pack,USA,3.75,USA
2409,Mama Pat's,Pack,USA,3.5,USA
2408,Mama Pat's,Pack,USA,3.75,USA
2407,Just Way,Pack,Taiwan,4.5,TWN
2406,Sichuan Guangyou,Pack,China,0.25,CHN
2405,Nissin,Cup,Hong Kong,4,HKG
2404,MyKuali,Pack,Singapore,5,SGP
2403,Goku-Uma,Bowl,USA,4.75,USA
2402,Maggi,Pack,India,3.75,IND
2401,Sichuan Baijia,Bowl,China,5,CHN
2400,Nissin,Cup,Singapore,5,SGP
2399,Indomie,Pack,Indonesia,4,IDN
2398,Liang Cheng Mai,Tray,China,1,CHN
2397,Samyang Foods,Bowl,South Korea,4,PRK
2396,Maggi,Pack,Fiji,3.25,Fiji
2395,Master Kong,Pack,China,4.25,CHN
2394,Nissin,Cup,Hong Kong,3.75,HKG
2393,Ripe'n'Dry,Pack,Japan,3,JPN
2392,MyKuali,Bowl,Malaysia,5,MYS
2391,Ottogi,Pack,South Korea,5,PRK
2390,Nissin,Cup,Hong Kong,3.75,HKG
2389,Gefen,Cup,USA,4,USA
2388,Hua Feng,Pack,China,4.25,CHN
2387,Nissin,Bowl,Hong Kong,3.5,HKG
2386,Maggi,Pack,Fiji,4,Fiji
2385,Uni-President,Bowl,Taiwan,4.75,TWN
2384,Sichuan Guangyou,Pack,China,4.25,CHN
2383,Nissin,Cup,USA,3.5,USA
2382,Nongshim,Cup,South Korea,0.5,PRK
2381,Nissin,Cup,Hong Kong,4.75,HKG
2380,Pulmuone,Pack,South Korea,3.75,PRK
2379,Nissin,Cup,USA,2.5,USA
2378,Sau Tao,Pack,Hong Kong,4.5,HKG
2377,MyKuali,Box,Malaysia,5,MYS
2376,Nissin,Cup,Thailand,3.25,THA
2375,Uni-President,Bowl,Taiwan,5,TWN
2374,World O' Noodle,Pack,Indonesia,4.5,IDN
2373,Nissin,Pack,India,4.5,IND
2372,Liu Quan,Bowl,China,4,CHN
2371,Daikoku,Cup,Japan,3.5,JPN
2370,Samyang Foods,Pack,South Korea,4.5,PRK
2369,Samyang Foods,Pack,South Korea,4.25,PRK
2368,Samyang Foods,Pack,South Korea,3.75,PRK
2367,Samyang Foods,Pack,South Korea,4,PRK
2366,Samyang Foods,Pack,South Korea,5,PRK
2365,Samyang Foods,Pack,South Korea,5,PRK
2364,Samyang Foods,Pack,South Korea,4,PRK
2363,Samyang Foods,Pack,South Korea,4,PRK
2362,Chuan Wei Wang,Bowl,China,4,CHN
2361,Nissin,Bowl,Hong Kong,5,HKG
2360,Wai Wai,Pack,India,2,IND
2359,Daikoku,Cup,Japan,2,JPN
2358,Sichuan Baijia,Bowl,China,4,CHN
2357,Kamfen,Bowl,Hong Kong,5,HKG
2356,Nongshim,Cup,South Korea,4,PRK
2355,Marutai,Pack,Japan,4,JPN
2354,Vifon,Bowl,Vietnam,5,VNM
2353,Nissin,Cup,Japan,4,JPN
2352,Uni-President,Pack,Taiwan,1,TWN
2351,1 To 3 Noodles,Pack,India,4,IND
2350,Nissin,Cup,Hong Kong,4,HKG
2349,Fantastic,Cup,Australia,3,AUS
2348,Ripe'n'Dry,Pack,Japan,3,JPN
2347,Nissin,Bowl,Hong Kong,3,HKG
2346,Knorr,Pack,Pakistan,1,PAK
2345,Sempio,Pack,South Korea,5,PRK
2344,Nissin,Cup,Mexico,4,MEX
2343,Nissin,Cup,Mexico,4,MEX
2342,Nissin,Pack,Mexico,4,MEX
2341,Nissin,Cup,Mexico,4,MEX
2340,Nissin,Cup,Mexico,4,MEX
2339,Nissin,Cup,Mexico,3,MEX
2338,Nissin,Pack,Mexico,4,MEX
2337,Nissin,Cup,Mexico,3,MEX
2336,Nissin,Cup,Mexico,3,MEX
2335,Nissin,Cup,Mexico,5,MEX
2334,Nissin,Cup,Mexico,4,MEX
2333,Nissin,Cup,Mexico,4,MEX
2332,Nissin,Pack,Mexico,4,MEX
2331,Nissin,Cup,Mexico,4,MEX
2330,Ve Wong,Pack,Taiwan,4,TWN
2329,Patanjali,Pack,India,5,IND
2328,Qin Zong,Pack,China,3,CHN
2327,Nissin,Cup,USA,4,USA
2326,Nissin,Cup,Hong Kong,4,HKG
2325,Pran,Pack,Bangladesh,4,BGD
2324,Paldo,Pack,South Korea,5,PRK
2323,Ogasawara,Pack,Japan,5,JPN
2322,Sapporo Ichiban,Bowl,Japan,3,JPN
2321,Sau Tao,Bowl,Hong Kong,5,HKG
2320,Nissin,Cup,Japan,4,JPN
2319,Nongshim,Bowl,South Korea,3.5,PRK
2318,Happy Cook,Pack,Taiwan,5,TWN
2317,MAMA,Bowl,Thailand,4,THA
2316,Nissin,Cup,Japan,5,JPN
2315,Goku-Uma,Bowl,USA,3,USA
2314,Nissin,Cup,Hong Kong,4,HKG
2313,Xiao Ban Mian,Pack,Taiwan,3.5,TWN
2312,Xiao Ban Mian,Pack,Taiwan,5,TWN
2311,Xiao Ban Mian,Pack,Taiwan,3.8,TWN
2310,Pran,Pack,Bangladesh,4,BGD
2309,Nissin,Cup,Hong Kong,4,HKG
2308,Fantastic,Cup,Australia,4,AUS
2307,Ottogi,Pack,Mexico,4,MEX
2306,Nissin,Cup,Hong Kong,4,HKG
2305,Ajinatori,Pack,Japan,4,JPN
2304,Maggi,Pack,India,5,IND
2303,Maruchan,Pack,Mexico,3,MEX
2302,Nissin,Tray,Japan,5,JPN
2301,Suimin,Cup,Australia,3,AUS
2300,Nissin,Pack,Hong Kong,4,HKG
2299,Cintan,Pack,Malaysia,3,MYS
2298,Nissin,Cup,USA,4,USA
2297,Chuan Wei Wang,Bowl,China,3,CHN
2296,Suimin,Cup,Australia,3,AUS
2295,Nissin,Cup,China,4,CHN
2294,Sapporo Ichiban,Bowl,Japan,4,JPN
2293,Nissin,Pack,Hong Kong,5,HKG
2292,Sichuan Baijia,Pack,China,5,CHN
2291,Samyang Foods,Pack,South Korea,4,PRK
2290,Nissin,Pack,Hong Kong,5,HKG
2289,Myojo,Bowl,Japan,4,JPN
2288,Nissin,Cup,Hong Kong,4,HKG
2287,Master Kong,Pack,China,0,CHN
2286,Kamfen,Bowl,Hong Kong,4,HKG
2285,Fantastic,Cup,Australia,3,AUS
2284,Nissin,Cup,Hong Kong,4,HKG
2283,Nissin,Pack,Japan,5,JPN
2282,Samyang Foods,Pack,South Korea,5,PRK
2281,Nissin,Cup,Hong Kong,4,HKG
2280,Sichuan Baijia,Pack,China,4,CHN
2279,Nissin,Bowl,Hong Kong,5,HKG
2278,Nissin,Pack,Japan,5,JPN
2277,Goku-Uma,Bowl,USA,3,USA
2276,Nissin,Cup,USA,3,USA
2275,JML,Pack,China,4,CHN
2274,Suimin,Cup,Australia,4,AUS
2273,Uni-President,Bowl,Taiwan,4,TWN
2272,Nissin,Bowl,Hong Kong,4,HKG
2271,Sichuan Baijia,Pack,China,5,CHN
2270,Samyang Foods,Pack,South Korea,4,PRK
2269,Wai Wai,Pack,India,4,IND
2268,Nissin,Pack,Hong Kong,5,HKG
2267,Shirakiku,Pack,USA,2,USA
2266,Nissin,Cup,Thailand,4,THA
2265,Nissin,Cup,Japan,3,JPN
2264,Unif Tung-I,Pack,Taiwan,1,TWN
2263,Sichuan Baijia,Pack,China,4,CHN
2262,Dream Kitchen,Cup,USA,5,USA
2261,Tablemark,Bowl,Japan,4,JPN
2260,Uni-President,Pack,Taiwan,5,TWN
2259,Farmer's Heart,Bowl,USA,3.75,USA
2258,Kamfen,Bowl,Hong Kong,4.3,HKG
2257,Fuku,Pack,Hong Kong,2.3,HKG
2256,Goku-Uma,Bowl,USA,3,USA
2255,Daikoku,Tray,Japan,5,JPN
2254,Nissin,Cup,Thailand,3,THA
2253,Singa-Me,Cup,Australia,4,AUS
2252,New Touch,Bowl,Japan,5,JPN
2251,Ottogi,Pack,Mexico,4,MEX
2250,Nissin,Pack,Hong Kong,4,HKG
2249,Love Cook,Pack,Taiwan,4,TWN
2248,Nongshim,Cup,USA,5,USA
2247,Nissin,Bowl,Japan,5,JPN
2246,Dream Kitchen,Cup,USA,4,USA
2245,Nissin,Cup,Hong Kong,4,HKG
2244,Kang Shi Fu,Pack,Hong Kong,4,HKG
2243,Nissin,Cup,Hong Kong,4,HKG
2242,Great Value,Cup,Canada,3,CAN
2241,Fuku,Pack,Hong Kong,4,HKG
2240,Wang,Bowl,South Korea,3,PRK
2239,Nissin,Cup,USA,4,USA
2238,Asian Thai Foods,Pack,Nepal,1,NPL
2237,Nissin,Cup,Japan,5,JPN
2236,Maruchan,Bowl,Japan,4,JPN
2235,Fashion Food,Bowl,Thailand,4,THA
2234,Paldo,Bowl,South Korea,5,PRK
2233,Nissin,Cup,Hong Kong,4,HKG
2232,Nissin,Bowl,Japan,5,JPN
2231,Fantastic,Cup,Australia,4,AUS
2230,Marutai,Pack,Japan,4,JPN
2229,Kang Shi Fu,Pack,Hong Kong,4,HKG
2228,Nissin,Bowl,Japan,5,JPN
2227,Maruchan,Pack,USA,4,USA
2226,Nagatanien,Pack,Japan,3,JPN
2225,Fuku,Bowl,Hong Kong,4,HKG
2224,Wai Wai,Pack,India,4,IND
2223,KOKA,Pack,Singapore,4,SGP
2222,Nyor Nyar,Pack,Malaysia,5,MYS
2221,Nissin,Cup,Japan,5,JPN
2220,Paldo,Pack,South Korea,5,PRK
2219,Fantastic,Cup,Australia,1,AUS
2218,Tseng Noodles,Pack,Taiwan,4,TWN
2217,Nissin,Pack,Hong Kong,5,HKG
2216,A-Sha Dry Noodle,Tray,Taiwan,3,TWN
2215,Myojo,Pack,Singapore,5,SGP
2214,Sapporo Ichiban,Bowl,Japan,4,JPN
2213,Acecook,Pack,Vietnam,4,VNM
2212,Paldo,Pack,South Korea,4,PRK
2211,Nissin,Cup,Thailand,3,THA
2210,Morre,Pack,Pakistan,4,PAK
2209,Nissin,Pack,Hong Kong,5,HKG
2208,Roland,Pack,USA,0,USA
2207,Nissin,Cup,Hong Kong,3,HKG
2206,Nissin,Bowl,Japan,5,JPN
2205,Maruchan,Bowl,USA,4,USA
2204,Nissin,Cup,Brazil,4,BRA
2203,Nongshim,Bowl,USA,4,USA
2202,Nissin,Cup,Hong Kong,4,HKG
2201,Mr. Lee's Noodles,Cup,UK,2,UK
2200,Mr. Lee's Noodles,Cup,UK,5,UK
2199,Mr. Lee's Noodles,Cup,UK,3,UK
2198,Mr. Lee's Noodles,Cup,UK,3,UK
2197,Mr. Lee's Noodles,Cup,UK,5,UK
2196,Mr. Lee's Noodles,Cup,UK,3.3,UK
2195,Nissin,Bowl,Japan,5,JPN
2194,Fuku,Pack,Hong Kong,4,HKG
2193,Knorr,Pack,Pakistan,3,PAK
2192,Nyor Nyar,Pack,Malaysia,5,MYS
2191,Choumama,Pack,Taiwan,4,TWN
2190,Myojo,Bowl,Japan,4.75,JPN
2189,Nissin,Cup,Hong Kong,4,HKG
2188,Singa-Me,Cup,Australia,2.5,AUS
2187,Pulmuone,Pack,South Korea,5,PRK
2186,Master Kong,Pack,China,4,CHN
2185,Nissin,Pack,Japan,5,JPN
2184,President Rice,Bowl,Thailand,2.75,THA
2183,MAMA,Pack,Thailand,3.5,THA
2182,MAMA,Pack,Thailand,3.5,THA
2181,MAMA,Pack,Thailand,4,THA
2180,MAMA,Bowl,Thailand,3,THA
2179,MAMA,Pack,Thailand,5,THA
2178,MAMA,Pack,Thailand,4,THA
2177,MAMA,Pack,Thailand,4,THA
2176,MAMA,Pack,Thailand,5,THA
2175,MAMA,Pack,Thailand,4,THA
2174,MAMA,Cup,Thailand,5,THA
2173,MAMA,Pack,Thailand,4,THA
2172,MAMA,Pack,Thailand,4,THA
2171,MAMA,Pack,Thailand,4,THA
2170,Maruchan,Pack,USA,4,USA
2169,Happy Family,Pack,Singapore,4,SGP
2168,Tseng Noodles,Pack,Taiwan,5,TWN
2167,Great Value,Cup,Canada,3,CAN
2166,JML,Pack,China,4,CHN
2165,Suimin,Cup,Australia,3,AUS
2164,Tseng Noodles,Pack,Taiwan,5,TWN
2163,Nissin,Bowl,Japan,4,JPN
2162,Tseng Noodles,Pack,Taiwan,5,TWN
2161,Nongshim,Pack,South Korea,5,PRK
2160,Menraku,Bowl,Japan,5,JPN
2159,La Moderna,Pack,Mexico,3,MEX
2158,A-Sha Dry Noodle,Tray,Taiwan,5,TWN
2157,Master Kong,Pack,China,4,CHN
2156,A-Sha Dry Noodle,Tray,Taiwan,2,TWN
2155,Jingqi,Pack,Taiwan,4,TWN
2154,Jingqi,Pack,Taiwan,4,TWN
2153,Jingqi,Pack,Taiwan,4,TWN
2152,Jingqi,Pack,Taiwan,5,TWN
2151,Jingqi,Pack,Taiwan,5,TWN
2150,Jingqi,Pack,Taiwan,3,TWN
2149,Jingqi,Pack,Taiwan,5,TWN
2148,Jingqi,Pack,Taiwan,5,TWN
2147,Maruchan,Cup,USA,3,USA
2146,Sapporo Ichiban,Bowl,Japan,3,JPN
2145,Dream Kitchen,Cup,USA,3,USA
2144,Nissin,Pack,Brazil,4,BRA
2143,Thien Houng Foods,Pack,Vietnam,3,VNM
2142,Maruchan,Bowl,USA,4,USA
2141,Nissin,Bowl,Japan,5,JPN
2140,Wang,Bowl,South Korea,5,PRK
2139,Fuku,Pack,Hong Kong,4,HKG
2138,Fuku,Pack,Hong Kong,4,HKG
2137,Nissin,Pack,Hong Kong,4,HKG
2136,Nissin,Pack,Hong Kong,4,HKG
2135,Doll,Pack,Hong Kong,2,HKG
2134,Four Seas,Pack,Hong Kong,4,HKG
2133,Nissin,Bowl,Japan,5,JPN
2132,Maruchan,Cup,USA,5,USA
2131,Myojo,Pack,Singapore,4,SGP
2130,Kang Shi Fu,Pack,Hong Kong,4,HKG
2129,CarJEN,Pack,Malaysia,5,MYS
2128,Sapporo Ichiban,Cup,Japan,4,JPN
2127,Suimin,Cup,Australia,2.25,AUS
2126,Nissin,Bowl,Japan,5,JPN
2125,Happy Family,Pack,Singapore,4,SGP
2124,7 Select,Bowl,Thailand,3.5,THA
2123,Nissin,Cup,Thailand,5,THA
2122,Nissin,Pack,Thailand,5,THA
2121,Nissin,Pack,Thailand,4,THA
2120,Nissin,Cup,Thailand,3.5,THA
2119,Nissin,Cup,Thailand,3.5,THA
2118,Nissin,Cup,Thailand,3.25,THA
2117,7 Select,Bowl,Thailand,4,THA
2116,Nissin,Pack,Thailand,4,THA
2115,Nissin,Cup,Thailand,4,THA
2114,Nissin,Pack,Thailand,3.5,THA
2113,Nissin,Cup,Thailand,4,THA
2112,Nissin,Pack,Thailand,4,THA
2111,Nissin,Cup,Hong Kong,3.75,HKG
2110,Great Value,Pack,Canada,3,CAN
2109,Oni Hot Pot,Pack,Taiwan,4.3,TWN
2108,Weh Lih,Pack,Taiwan,1,TWN
2107,Nissin,Pack,Brazil,4.5,BRA
2106,Itomen,Pack,Japan,3.5,JPN
2105,Maruchan,Pack,USA,3,USA
2104,Wang,Bowl,South Korea,4,PRK
2103,Roland,Pack,USA,0,USA
2102,Nissin,Cup,Japan,5,JPN
2101,Samyang Foods,Pack,South Korea,4,PRK
2100,Myojo,Pack,Singapore,4,SGP
2099,Sanpo,Bowl,Japan,4,JPN
2098,Nongshim,Cup,USA,5,USA
2097,CarJEN,Pack,Malaysia,5,MYS
2096,Maruchan,Bowl,Japan,4,JPN
2095,Nissin,Pack,Singapore,5,SGP
2094,Nongshim,Pack,South Korea,5,PRK
2093,Oni Hot Pot,Pack,Taiwan,2,TWN
2092,Doll,Pack,Hong Kong,4,HKG
2091,MyKuali,Cup,Malaysia,5,MYS
2090,Nissin,Pack,Hong Kong,5,HKG
2089,Nissin,Cup,Hong Kong,5,HKG
2088,Nissin,Bowl,Hong Kong,4,HKG
2087,Nissin,Pack,Hong Kong,4,HKG
2086,Nissin,Pack,Hong Kong,5,HKG
2085,Fuku,Bowl,Hong Kong,5,HKG
2084,Nissin,Pack,Hong Kong,5,HKG
2083,Nissin,Pack,Hong Kong,5,HKG
2082,Nissin,Cup,Hong Kong,4,HKG
2081,Nissin,Cup,Hong Kong,4,HKG
2080,Fuku,Pack,Hong Kong,4,HKG
2079,Nissin,Cup,Hong Kong,5,HKG
2078,Nissin,Cup,Hong Kong,4,HKG
2077,Nissin,Cup,Hong Kong,5,HKG
2076,Nissin,Bowl,Hong Kong,3.75,HKG
2075,Mi Sedaap,Pack,Indonesia,4.5,IDN
2074,Nissin,Cup,Mexico,3.5,MEX
2073,Great Value,Pack,Canada,4,CAN
2072,Maruchan,Bowl,USA,5,USA
2071,A-Sha Dry Noodle,Pack,Taiwan,5,TWN
2070,Tokushima Seifun,Bowl,Japan,1.75,JPN
2069,Doll,Pack,Hong Kong,3.75,HKG
2068,Maggi,Pack,Australia,5,AUS
2067,Samyang Foods,Pack,South Korea,4.5,PRK
2066,Marutai,Pack,Japan,5,JPN
2065,Four Seas,Pack,Hong Kong,3,HKG
2064,Nongshim,Pack,USA,5,USA
2063,Mamee,Pack,Hong Kong,3.25,HKG
2062,Ottogi,Pack,Mexico,3.75,MEX
2061,Kamfen,Tray,Hong Kong,4.25,HKG
2060,Nissin,Cup,Japan,5,JPN
2059,Four Seas,Pack,Hong Kong,2.5,HKG
2058,Zow Zow,Pack,Thailand,3.75,THA
2057,Nissin,Cup,Mexico,3.75,MEX
2056,Koyo,Pack,USA,0,USA
2055,Nissin,Bowl,Japan,5,JPN
2054,Suimin,Cup,Australia,3.25,AUS
2053,Maruchan,Cup,USA,3.75,USA
2052,Indomie,Cup,Indonesia,3.5,IDN
2051,Master Kong,Pack,China,3.5,CHN
2050,MyKuali,Cup,Malaysia,5,MYS
2049,Ottogi,Pack,Mexico,4,MEX
2048,Acecook,Bowl,Japan,3.8,JPN
2047,Oni Hot Pot,Pack,Taiwan,5,TWN
2046,E-Zee,Pack,Malaysia,4,MYS
2045,Great Value,Pack,Canada,3.5,CAN
2044,Doll,Cup,Hong Kong,3,HKG
2043,ORee Garden,Bowl,Malaysia,5,MYS
2042,Suimin,Cup,Australia,4.3,AUS
2041,Master Kong,Pack,China,4.5,CHN
2040,Nissin,Cup,Brazil,5,BRA
2039,Tokushima Seifun,Bowl,Japan,5,JPN
2038,A1,Pack,Malaysia,1.5,MYS
2037,Migawon,Pack,South Korea,3.5,PRK
2036,A-Sha Dry Noodle,Pack,Taiwan,4.25,TWN
2035,Acecook,Cup,Japan,3.5,JPN
2034,Fantastic,Cup,Australia,3.25,AUS
2033,Chaudhary's Wai Wai,Pack,India,2.5,IND
2032,Kamfen,Bowl,Hong Kong,3.75,HKG
2031,CarJEN,Pack,Malaysia,5,MYS
2030,Myojo,Pack,Japan,3.75,JPN
2029,Singa-Me,Cup,Australia,2,AUS
2028,Maruchan,Pack,Mexico,3.5,MEX
2027,Nissin,Bowl,Japan,5,JPN
2026,MyKuali,Cup,Malaysia,4.75,MYS
2025,Urban Noodle,Cup,UK,2,UK
2024,Urban Noodle,Cup,UK,2.5,UK
2023,Urban Noodle,Cup,UK,0,UK
2022,Urban Noodle,Cup,UK,3,UK
2021,Urban Noodle,Cup,UK,5,UK
2020,Kang Shi Fu,Pack,China,3.5,CHN
2019,Acecook,Cup,Japan,3.75,JPN
2018,Pulmuone,Pack,South Korea,4,PRK
2017,Samyang Foods,Bowl,South Korea,0,PRK
2016,Great Value,Cup,Canada,3.5,CAN
2015,E-Zee,Pack,Malaysia,5,MYS
2014,Oni Hot Pot,Pack,Taiwan,4.5,TWN
2013,Great Value,Pack,Canada,3.5,CAN
2012,MAMA,Pack,Thailand,2,THA
2011,Trident,Pack,Australia,2,AUS
2010,MAMA,Pack,Myanmar,3.75,MMR
2009,Conimex,Cup,Netherlands,3,NLD
2008,Sichuan Baijia,Bowl,China,3.5,CHN
2007,Nongshim,Pack,USA,3.75,USA
2006,Kamfen,Bowl,Hong Kong,3.75,HKG
2005,A-Sha Dry Noodle,Pack,Taiwan,4.5,TWN
2004,Nissin,Bowl,Japan,3.75,JPN
2003,Nissin,Bowl,Japan,5,JPN
2002,Nissin,Cup,Japan,3.8,JPN
2001,Nissin,Cup,Japan,4,JPN
2000,Nissin,Bowl,Japan,5,JPN
1999,Nissin,Cup,Japan,5,JPN
1998,Nissin,Bowl,Japan,5,JPN
1997,Nissin,Cup,Japan,4.3,JPN
1996,Nissin,Cup,Japan,4,JPN
1995,Nissin,Cup,Japan,5,JPN
1994,Nissin,Bowl,Japan,5,JPN
1993,Nissin,Pack,Japan,5,JPN
1992,Nissin,Cup,Japan,4.5,JPN
1991,Nissin,Cup,Japan,5,JPN
1990,Nissin,Cup,Japan,5,JPN
1989,MyKuali,Pack,Malaysia,5,MYS
1988,MAMA,Pack,Myanmar,3.5,MMR
1987,Nissin,Bowl,Japan,4.5,JPN
1986,A-Sha Dry Noodle,Pack,Taiwan,4.25,TWN
1985,Prima Taste,Pack,Singapore,5,SGP
1984,Nissin,Cup,Hong Kong,5,HKG
1983,Tokushima Seifun,Pack,Japan,4,JPN
1982,Master Kong,Pack,China,4,CHN
1981,MyKuali,Pack,Malaysia,5,MYS
1980,Suimin,Cup,Australia,3.5,AUS
1979,Nissin,Cup,Japan,3,JPN
1978,CarJEN,Pack,Malaysia,5,MYS
1977,MyOri,Pack,Malaysia,5,MYS
1976,Itsuki,Pack,Japan,4.25,JPN
1975,Nissin,Pack,Germany,3.25,DEU
1974,Samyang Foods,Pack,South Korea,5,PRK
1973,Nissin,Pack,Brazil,4.25,BRA
1972,Doll,Pack,Hong Kong,2.75,HKG
1971,Fujiwara,Pack,Japan,3.5,JPN
1970,MyOri,Pack,Malaysia,5,MYS
1969,Nongshim,Pack,USA,4.75,USA
1968,Nissin,Pack,USA,3.5,USA
1967,Tokushima Seifun,Pack,Japan,4.5,JPN
1966,Wei Lih,Pack,Taiwan,3.75,TWN
1965,MyKuali,Pack,Malaysia,5,MYS
1964,MAMA,Pack,Myanmar,5,MMR
1963,Kabuto Noodles,Cup,UK,3.75,UK
1962,Kabuto Noodles,Cup,UK,3.5,UK
1961,Kabuto Noodles,Cup,UK,4.25,UK
1960,Kabuto Noodles,Cup,UK,4,UK
1959,Myojo,Pack,Japan,4,JPN
1958,IbuRamen,Tray,USA,4,USA
1957,MAMA,Cup,Thailand,4,THA
1956,Maruchan,Cup,Japan,0,JPN
1955,Nissin,Pack,USA,4.75,USA
1954,Koh Thai,Pack,Netherlands,2,NLD
1953,Prima Taste,Pack,Singapore,5,SGP
1952,Ve Wong,Pack,Taiwan,3.75,TWN
1951,Nissin,Cup,USA,4.25,USA
1950,Fujiwara,Pack,Japan,4,JPN
1949,Bamee,Pack,Thailand,3.5,THA
1948,Sichuan Baijia,Pack,China,1.5,CHN
1947,Prima Taste,Pack,Singapore,5,SGP
1946,Nissin,Pack,Japan,4.75,JPN
1945,MAMA,Pack,Bangladesh,3.5,BGD
1944,Wei Lih,Pack,Taiwan,5,TWN
1943,New Touch,Bowl,Japan,5,JPN
1942,Ibumie,Pack,Malaysia,3.5,MYS
1941,Unox,Pack,Netherlands,2.5,NLD
1940,Nissin,Cup,Japan,5,JPN
1939,MAMA,Pack,Myanmar,5,MMR
1938,Nissin,Bowl,Japan,5,JPN
1937,MAMA,Cup,Myanmar,3.75,MMR
1936,Fortune,Pack,USA,1,USA
1935,Love Cook,Pack,Taiwan,3.75,TWN
1934,Love Cook,Pack,Taiwan,5,TWN
1933,Love Cook,Pack,Taiwan,4.5,TWN
1932,Love Cook,Pack,Taiwan,3.75,TWN
1931,Bonasia,Pack,Hungary,3.75,HUN
1930,Koh Thai,Pack,Netherlands,0.25,NLD
1929,MAMA,Pack,Cambodia,3.5,KHN
1928,Bamee,Pack,Thailand,3,THA
1927,Marutai,Bowl,Japan,3.5,JPN
1926,Nissin,Bowl,USA,4,USA
1925,Prima,Pack,Singapore,5,SGP
1924,Sichuan Baijia,Pack,China,3.5,CHN
1923,Conimex,Cup,Netherlands,0.5,NLD
1922,Mie Sedaap,Cup,Indonesia,1.5,IDN
1921,Nissin,Cup,USA,3.5,USA
1920,Itsuki,Pack,Japan,0.75,JPN
1919,Maruchan,Bowl,Japan,4.5,JPN
1918,iMee,Pack,Netherlands,3.5,NLD
1917,IbuRamen,Tray,USA,0.25,USA
1916,Nissin,Pack,Germany,3,DEU
1915,Itsuki,Bowl,Japan,4.5,JPN
1914,Prima,Pack,Singapore,5,SGP
1913,Thai Smile,Bowl,USA,0,USA
1912,MAMA,Pack,Myanmar,3.75,MMR
1911,Nissin,Cup,Japan,5,JPN
1910,Nissin,Tray,USA,3,USA
1909,Asia Gold,Pack,Hungary,3.5,HUN
1908,Nissin,Bowl,Japan,4.75,JPN
1907,Prima Taste,Pack,Singapore,5,SGP
1906,Vifon,Pack,Vietnam,3.5,VNM
1905,Pirkka,Pack,Finland,3.5,FIN
1904,Bonasia,Pack,Hungary,3,HUN
1903,Higashimaru,Pack,Japan,4.5,JPN
1902,MAMA,Pack,Myanmar,5,MMR
1901,Prima,Pack,Singapore,5,SGP
1900,Ibumie,Pack,Malaysia,5,MYS
1899,Koh Thai,Pack,Netherlands,1.5,NLD
1898,Master Kong,Bowl,China,3,CHN
1897,Nissin,Cup,Japan,3.5,JPN
1896,Asia Gold,Pack,Hungary,3.5,HUN
1895,Maruchan,Bowl,Japan,5,JPN
1894,MAMA,Pack,Myanmar,2.75,MMR
1893,Nissin,Cup,Japan,5,JPN
1892,Ottogi,Pack,South Korea,4,PRK
1891,Nissin,Cup,USA,3.5,USA
1890,Kuriki,Pack,Japan,4.5,JPN
1889,MAMA,Pack,Myanmar,2.75,MMR
1888,Nissin,Cup,Singapore,3.5,SGP
1887,Myojo,Pack,Singapore,4.25,SGP
1886,Myojo,Bowl,Singapore,3.75,SGP
1885,Myojo,Pack,Singapore,3,SGP
1884,Myojo,Bowl,Singapore,4.5,SGP
1883,Myojo,Pack,Singapore,4,SGP
1882,Myojo,Bowl,Singapore,4.75,SGP
1881,Myojo,Pack,Singapore,3.5,SGP
1880,Myojo,Bowl,Singapore,3.75,SGP
1879,Myojo,Pack,Singapore,3.5,SGP
1878,Myojo,Bowl,Singapore,5,SGP
1877,Myojo,Pack,Singapore,4.5,SGP
1876,Myojo,Pack,Singapore,3.75,SGP
1875,Sapporo Ichiban,Pack,USA,5,USA
1874,Ibumie,Pack,Malaysia,2.5,MYS
1873,Vedan,Bowl,Taiwan,0,TWN
1872,Itsuki,Pack,Japan,5,JPN
1871,Nissin,Cup,Thailand,3.75,THA
1870,Asia Gold,Pack,Hungary,2.75,HUN
1869,Nissin,Pack,Germany,3.5,DEU
1868,Marutai,Bowl,Japan,4,JPN
1867,Yum Yum,Bowl,Thailand,4,THA
1866,MyKuali,Pack,Malaysia,5,MYS
1865,Mama,Cup,Myanmar,3.5,MMR
1864,Nissin,Pack,USA,5,USA
1863,Baijia,Pack,China,0,CHN
1862,Ibumie,Pack,Malaysia,3.75,MYS
1861,Conimex,Cup,Netherlands,0.5,NLD
1860,Nissin,Cup,Japan,2.75,JPN
1859,Mama,Pack,Cambodia,5,KHN
1858,Myojo,Bowl,Japan,5,JPN
1857,IbuRamen,Tray,USA,3.25,USA
1856,Indomie,Cup,Indonesia,5,IDN
1855,Daraz,Pack,Japan,3,JPN
1854,Mama,Pack,Myanmar,3.5,MMR
1853,Bonasia,Pack,Hungary,3.5,HUN
1852,Myojo,Bowl,USA,3.25,USA
1851,Fujiwara,Pack,Japan,3.5,JPN
1850,Nissin,Pack,USA,4.5,USA
1849,Pama,Pack,Malaysia,3.5,MYS
1848,MyKuali,Pack,Malaysia,5,MYS
1847,Conimex,Pack,Netherlands,3,NLD
1846,Nissin,Tray,USA,4.5,USA
1845,Mama,Pack,Bangladesh,3.25,BGD
1844,Seven & I,Bowl,Japan,5,JPN
1843,Forest Noodles,Pack,Taiwan,4.5,TWN
1842,Forest Noodles,Pack,Taiwan,5,TWN
1841,Forest Noodles,Pack,Taiwan,4,TWN
1840,Forest Noodles,Pack,Taiwan,3.25,TWN
1839,Vit's,Pack,Malaysia,5,MYS
1838,Vit's,Pack,Malaysia,4.5,MYS
1837,Vit's,Pack,Malaysia,5,MYS
1836,Vit's,Pack,Malaysia,5,MYS
1835,Vit's,Pack,Malaysia,5,MYS
1834,Vit's,Pack,Malaysia,5,MYS
1833,Vit's,Pack,Malaysia,3.75,MYS
1832,Yum Yum,Pack,Thailand,3.5,THA
1831,Kuriki,Pack,Japan,4,JPN
1830,Tseng Noodles,Pack,Taiwan,4.75,TWN
1829,Tseng Noodles,Pack,Taiwan,5,TWN
1828,Tseng Noodles,Pack,Taiwan,5,TWN
1827,Nongshim,Pack,South Korea,5,PRK
1826,Mama,Pack,Cambodia,3.5,KHN
1825,Sichuan Baijia,Pack,China,4.5,CHN
1824,Nongshim,Cup,USA,5,USA
1823,MyKuali,Pack,Malaysia,4,MYS
1822,Mi Sedaap,Pack,Indonesia,3.5,IDN
1821,Myojo,Bowl,USA,3.25,USA
1820,Ten-In,Bowl,Taiwan,1.5,TWN
1819,Yum Yum,Bowl,Thailand,5,THA
1818,Sugakiya Foods,Bowl,Japan,4.5,JPN
1817,Hao Way,Bowl,Malaysia,4,MYS
1816,Vifon,Bowl,Vietnam,3.25,VNM
1815,Nakaya Shouten,Pack,Japan,4,JPN
1814,Koh Thai,Pack,Netherlands,3,NLD
1813,Nissin,Pack,Germany,4.25,DEU
1812,Master Kong,Bowl,China,4.25,CHN
1811,Conimex,Pack,Netherlands,3.5,NLD
1810,MyKuali,Pack,Malaysia,5,MYS
1809,Marutai,Bowl,Japan,4.75,JPN
1808,Mama,Cup,Thailand,3.5,THA
1807,Wai Wai,Cup,Thailand,3.5,THA
1806,Cintan,Pack,Malaysia,3.5,MYS
1805,Mama,Pack,Bangladesh,4,BGD
1804,Thai Chef,Pack,Hungary,4.75,HUN
1803,Mama,Pack,Thailand,4,THA
1802,Nissin,Cup,USA,3.5,USA
1801,Baijia,Pack,China,3.75,CHN
1800,Crystal Noodle,Cup,USA,0.25,USA
1799,Thai Smile,Bowl,USA,2.5,USA
1798,iMee,Pack,Netherlands,2.75,NLD
1797,Wai Wai,Pack,Thailand,3.5,THA
1796,Fujiwara,Pack,Japan,4.75,JPN
1795,Azami,Pack,Canada,0,CAN
1794,Vit's,Pack,Malaysia,3,MYS
1793,Cintan,Pack,Malaysia,3.5,MYS
1792,A1,Pack,Malaysia,3.5,MYS
1791,Vit's,Pack,Malaysia,4.25,MYS
1790,Super,Cup,Malaysia,4.5,MYS
1789,Cintan,Pack,Malaysia,3.5,MYS
1788,Super,Cup,Malaysia,3,MYS
1787,Pama,Pack,Malaysia,4,MYS
1786,Nissin,Tray,USA,4.25,USA
1785,Super,Cup,Malaysia,3.5,MYS
1784,Torishi,Pack,Japan,5,JPN
1783,iMee,Pack,Netherlands,4.5,NLD
1782,Western Family,Pack,Canada,0,CAN
1781,MyKuali,Bowl,Malaysia,5,MYS
1780,Pulmuone,Pack,South Korea,4.5,PRK
1779,Chering Chang,Pack,Taiwan,3.25,TWN
1778,JML,Pack,China,5,CHN
1777,JML,Bowl,China,3.5,CHN
1776,JML,Bowl,China,5,CHN
1775,JML,Bowl,China,4.25,CHN
1774,JML,Pack,China,5,CHN
1773,JML,Bowl,China,4,CHN
1772,JML,Pack,China,5,CHN
1771,JML,Bowl,China,3.5,CHN
1770,JML,Bowl,China,4.5,CHN
1769,Mamee,Pack,Malaysia,5,MYS
1768,New Touch,Bowl,Japan,5,JPN
1767,Mama,Pack,Cambodia,4,KHN
1766,Paldo,Bowl,South Korea,3.5,PRK
1765,Nissin,Cup,USA,3.5,USA
1764,Pirkka,Pack,Finland,3.75,FIN
1763,Ishimaru,Pack,Japan,4.5,JPN
1762,Mom's Dry Noodle,Pack,Taiwan,4,TWN
1761,Authentically Asian,Bowl,USA,1,USA
1760,New Touch,Bowl,Japan,4.5,JPN
1759,Nissin,Cup,Thailand,4,THA
1758,Vit's,Pack,Malaysia,3.5,MYS
1757,iMee,Pack,Netherlands,3.25,NLD
1756,A-Sha Dry Noodle,Pack,Taiwan,4.25,TWN
1755,Mama,Pack,Bangladesh,4,BGD
1754,Paldo,Bowl,South Korea,5,PRK
1753,Thai Smile,Bowl,USA,3.5,USA
1752,Kuriki,Pack,Japan,4.75,JPN
1751,Mom's Dry Noodle,Pack,Taiwan,5,TWN
1750,Mi Sedaap,Cup,Indonesia,5,IDN
1749,Yum Yum,Pack,Thailand,5,THA
1748,Azami,Cup,Canada,3,CAN
1747,Vit's,Pack,Malaysia,3.5,MYS
1746,Marutai,Bowl,Japan,4.25,JPN
1745,Unox,Pack,Netherlands,3.5,NLD
1744,A-Sha Dry Noodle,Pack,Taiwan,5,TWN
1743,Mama,Pack,Myanmar,4.5,MMR
1742,Aroi,Pack,Malaysia,4.5,MYS
1741,Myojo,Bowl,USA,2.5,USA
1740,Master Kong,Pack,China,4.25,CHN
1739,Nissin,Bowl,Japan,4.5,JPN
1738,Little Cook,Cup,Thailand,4.25,THA
1737,Mi Sedaap,Cup,Indonesia,3.75,IDN
1736,Mamee,Pack,Malaysia,5,MYS
1735,Master Kong,Bowl,China,4,CHN
1734,Koka,Pack,Singapore,4.25,SGP
1733,Bonasia,Pack,Germany,3.75,DEU
1732,Super,Cup,Malaysia,3.25,MYS
1731,Mama,Pack,Cambodia,5,KHN
1730,Wu-Mu,Pack,Taiwan,4.5,TWN
1729,Vedan,Cup,Taiwan,2.75,TWN
1728,Yamadai,Bowl,Japan,3.25,JPN
1727,Wei Lih,Bowl,Taiwan,5,TWN
1726,Vina Acecook,Bowl,Vietnam,3,VNM
1725,A-Sha Dry Noodle,Pack,Taiwan,3.25,TWN
1724,Pirkka,Pack,Finland,3.5,FIN
1723,Baixiang Noodles,Pack,China,3.75,CHN
1722,CarJEN,Pack,Malaysia,4.5,MYS
1721,Salam Mie,Pack,Indonesia,4.25,IDN
1720,Mamee,Cup,Malaysia,5,MYS
1719,Wai Wai,Bowl,Thailand,2.5,THA
1718,Vina Acecook,Cup,Vietnam,2.5,VNM
1717,Lee Fah Mee,Pack,Sarawak,4,MYS
1716,Mama,Pack,Myanmar,3.5,MMR
1715,Yum Yum,Pack,Thailand,3.75,THA
1714,Master Kong,Pack,China,3.75,CHN
1713,CarJEN,Pack,Malaysia,5,MYS
1712,Sakurai Foods,Pack,Japan,4.5,JPN
1711,Hao Way,Pack,Malaysia,4,MYS
1710,Chering Chang,Pack,Taiwan,5,TWN
1709,Asia Gold,Pack,Hungary,4,HUN
1708,The Kitchen Food,Pack,Sarawak,4,MYS
1707,Azami,Bowl,Canada,3.5,CAN
1706,Maggi,Cup,Malaysia,4.75,MYS
1705,Premiere,Pack,Malaysia,4.5,MYS
1704,Baixiang Noodles,Pack,China,3.75,CHN
1703,7 Select/Nissin,Cup,Thailand,3.5,THA
1702,Samyang Foods,Cup,Japan,2.75,JPN
1701,Sakurai Foods,Pack,Japan,4.25,JPN
1700,A-Sha Dry Noodle,Pack,Taiwan,4,TWN
1699,Vit's,Pack,Malaysia,3.5,MYS
1698,Maruchan,Cup,USA,4,USA
1697,The Kitchen Food,Pack,Sarawak,5,MYS
1696,Mama,Cup,Thailand,5,THA
1695,Mama,Cup,Thailand,5,THA
1694,Mama,Pack,Thailand,4.75,THA
1693,Mama,Cup,Myanmar,5,MMR
1692,Mama,Pack,Bangladesh,3.25,BGD
1691,Mama,Cup,Thailand,3.5,THA
1690,Wugudaochang,Bowl,China,4,CHN
1689,Wugudaochang,Pack,China,5,CHN
1688,Wugudaochang,Bowl,China,3.75,CHN
1687,Wugudaochang,Pack,China,3.75,CHN
1686,Wugudaochang,Pack,China,3.5,CHN
1685,Wugudaochang,Pack,China,4,CHN
1684,Wugudaochang,Bowl,China,4.5,CHN
1683,Wugudaochang,Pack,China,5,CHN
1682,Wugudaochang,Pack,China,4,CHN
1681,Wugudaochang,Bowl,China,3.75,CHN
1680,Aroi,Pack,Malaysia,4.5,MYS
1679,Ten-In,Bowl,Taiwan,3.5,TWN
1678,Nongshim,Pack,USA,5,USA
1677,Paldo,Pack,South Korea,5,PRK
1676,A1,Pack,Malaysia,4.25,MYS
1675,Baixiang Noodles,Pack,China,4.5,CHN
1674,Emart,Cup,South Korea,3.5,PRK
1673,Lishan Food Manufacturing,Pack,Taiwan,3.5,TWN
1672,Azami,Cup,Canada,3.25,CAN
1671,Ah Lai,Pack,Malaysia,5,MYS
1670,Tropicana Slim,Pack,Indonesia,3.75,IDN
1669,A-One,Cup,Vietnam,1.25,VNM
1668,Mama,Cup,Thailand,3.5,THA
1667,Deshome,Pack,Taiwan,5,TWN
1666,Vifon,Cup,Vietnam,3,VNM
1665,Paldo Vina,Pack,Vietnam,1.5,VNM
1664,Mamee,Pack,Malaysia,2,MYS
1663,Vina Acecook,Pack,Vietnam,4,VNM
1662,Mama,Pack,Thailand,5,THA
1661,Chencun,Cup,China,3.75,CHN
1660,Sau Tao,Pack,Hong Kong,3,HKG
1659,United,Pack,Vietnam,2.75,VNM
1658,ChoripDong,Bowl,South Korea,5,PRK
1657,Shan,Pack,Pakistan,2.75,PAK
1656,Mama,Cup,Thailand,3.5,THA
1655,Baijia,Pack,China,3,CHN
1654,MyOri,Pack,Malaysia,5,MYS
1653,MyOri,Pack,Malaysia,5,MYS
1652,MyOri,Pack,Malaysia,5,MYS
1651,Ruski,Pack,Malaysia,3.75,MYS
1650,Ottogi,Pack,South Korea,4.25,PRK
1649,Master Kong,Pack,China,4.25,CHN
1648,Wei Lih,Pack,Taiwan,4.25,TWN
1647,No Name,Cup,Canada,2.75,CAN
1646,New Way,Tray,Vietnam,4,VNM
1645,Lucky Me!,Bowl,Philippines,3.75,PHL
1644,Hao Way,Bowl,Malaysia,2,MYS
1643,Emart,Cup,South Korea,3.5,PRK
1642,Campbell's,Cup,Canada,0.25,CAN
1641,One Dish Asia,Bowl,USA,0,USA
1640,Long Jun Hang,Pack,Taiwan,2,TWN
1639,Pama,Cup,Malaysia,3.75,MYS
1638,A-Sha Dry Noodle,Pack,Taiwan,5,TWN
1637,Thai Chef,Pack,Germany,3,DEU
1636,Shan,Pack,Pakistan,3.25,PAK
1635,Wai Wai,Pack,Thailand,2.75,THA
1634,Samyang Foods,Cup,South Korea,3.5,PRK
1633,A-One,Cup,Vietnam,3.5,VNM
1632,Cintan,Pack,Malaysia,3,MYS
1631,Nissin,Bowl,Japan,4,JPN
1630,Nongshim,Bowl,China,2.5,CHN
1629,Hao Way,Bowl,Malaysia,3.5,MYS
1628,Azami,Cup,Canada,0,CAN
1627,Vedan,Bowl,Taiwan,2.5,TWN
1626,Nissin,Bowl,Japan,2.75,JPN
1625,Mama,Bowl,Thailand,5,THA
1624,Baixiang Noodles,Pack,China,3,CHN
1623,MyKuali,Pack,Malaysia,5,MYS
1622,Nongshim,Pack,USA,4,USA
1621,Myojo,Bowl,Japan,3,JPN
1620,Premiere,Pack,Malaysia,3.25,MYS
1619,Nissin,Pack,Singapore,3.75,SGP
1618,Deshome,Pack,Taiwan,2.5,TWN
1617,MyKuali,Pack,Malaysia,5,MYS
1616,Unif-100,Pack,China,3.5,CHN
1615,Hankow,Pack,China,4,CHN
1614,The Bridge,Pack,Malaysia,5,MYS
1613,Maruchan,Bowl,Japan,3.25,JPN
1612,Shan,Pack,Pakistan,3.25,PAK
1611,Lucky Me!,Bowl,Philippines,4,PHL
1610,Paldo Vina,Pack,Vietnam,3,VNM
1609,Mitoku,Pack,Japan,0.25,JPN
1608,Hao Way,Pack,Malaysia,4.5,MYS
1607,Myojo,Bowl,Japan,2.75,JPN
1606,Maggi,Pack,Malaysia,4,MYS
1605,Nissin,Pack,Hong Kong,3.5,HKG
1604,Unzen,Pack,Japan,1,JPN
1603,Salam Mie,Pack,Indonesia,5,IDN
1602,Vina Acecook,Pack,Vietnam,3.5,VNM
1601,Nongshim,Pack,South Korea,5,PRK
1600,Chering Chang,Pack,Taiwan,5,TWN
1599,Nissin,Pack,India,3.5,IND
1598,Mama,Cup,Thailand,4,THA
1597,Nissin,Tray,USA,4,USA
1596,Uncle Sun,Pack,Malaysia,3,MYS
1595,JML,Pack,China,5,CHN
1594,Acecook,Cup,Japan,2.25,JPN
1593,Nongshim,Pack,South Korea,4.25,PRK
1592,Mom's Dry Noodle,Pack,Taiwan,5,TWN
1591,Mi E-Zee,Pack,Malaysia,3.5,MYS
1590,Mi E-Zee,Pack,Malaysia,3.75,MYS
1589,E-mi,Pack,Malaysia,3.75,MYS
1588,Mi E-Zee,Pack,Malaysia,3.5,MYS
1586,J.J.,Pack,Malaysia,3.75,MYS
1585,CarJEN,Pack,Malaysia,5,MYS
1584,E-mi,Pack,Malaysia,3.75,MYS
1583,J.J.,Pack,Malaysia,4,MYS
1582,Mi E-Zee,Pack,Malaysia,4,MYS
1581,United,Pack,Vietnam,2.75,VNM
1580,Emart,Pack,South Korea,3.75,PRK
1579,Curry Prince,Pack,Malaysia,4,MYS
1578,Nissin,Bowl,Japan,4,JPN
1577,Mama,Pack,Thailand,3.75,THA
1576,Maggi,Pack,India,3.75,IND
1575,Paldo,Bowl,South Korea,5,PRK
1574,Chering Chang,Pack,Taiwan,3.5,TWN
1573,Hao Way,Bowl,Malaysia,4.75,MYS
1572,Master Kong,Pack,China,3.75,CHN
1571,Econsave,Pack,Malaysia,3.5,MYS
1570,Maruchan,Bowl,Japan,5,JPN
1569,Maggi,Pack,Malaysia,4,MYS
1568,Mama,Cup,Thailand,3.5,THA
1567,Nissin,Cup,Japan,4.25,JPN
1566,Nissin,Cup,India,3.25,IND
1565,Oyatsu,Pack,Japan,2.5,JPN
1564,A-One,Cup,Vietnam,3,VNM
1563,Nongshim,Pack,USA,4.25,USA
1562,Koka,Pack,Singapore,2.75,SGP
1561,Uncle Sun,Pack,Malaysia,4.5,MYS
1560,Kin-Dee,Tray,Thailand,3.75,THA
1559,Master Kong,Pack,China,4,CHN
1558,No Name,Cup,Canada,2,CAN
1557,Hao Way,Pack,Malaysia,3.5,MYS
1556,Ching's Secret,Pack,India,3.75,IND
1555,Ko-Lee,Pack,UK,3.5,UK
1554,ICA,Pack,Sweden,3,SWE
1553,Mamee,Pack,Malaysia,3.75,MYS
1552,Bamee,Pack,Thailand,3.5,THA
1551,Myojo,Bowl,Japan,3.5,JPN
1550,Ibumie,Pack,Malaysia,5,MYS
1549,Sapporo Ichiban,Pack,Canada,5,CAN
1548,Samyang Foods,Cup,Japan,3.75,JPN
1547,Vedan,Bowl,Taiwan,4.25,TWN
1546,Nissin,Pack,Hong Kong,3.5,HKG
1545,Nanyang Chef,Pack,Malaysia,5,MYS
1544,Thai Pavilion,Tray,USA,1.5,USA
1543,Maggi,Pack,India,3.75,IND
1542,Koka,Cup,Singapore,2.5,SGP
1541,Wu-Mu,Pack,Taiwan,3.75,TWN
1540,Unif-100,Pack,China,4.25,CHN
1539,New Touch,Bowl,Japan,3.5,JPN
1538,Sau Tao,Pack,Hong Kong,4.5,HKG
1537,Wai Wai,Pack,Thailand,3.75,THA
1536,Paldo Vina,Pack,Vietnam,3.25,VNM
1535,Sau Tao,Pack,Hong Kong,3.5,HKG
1534,Vit's,Pack,Malaysia,3.75,MYS
1533,Miliket,Pack,Vietnam,3.75,VNM
1532,Lucky Me!,Pack,Philippines,4.5,PHL
1531,Lucky Me!,Pack,Philippines,3.75,PHL
1530,Lucky Me!,Pack,Philippines,4,PHL
1529,Lucky Me!,Pack,Philippines,4,PHL
1528,Lucky Me!,Cup,Philippines,3.25,PHL
1527,Lucky Me!,Pack,Philippines,4.5,PHL
1526,Lucky Me!,Pack,Philippines,3.75,PHL
1525,Pama,Cup,Malaysia,3.75,MYS
1524,Nissin,Pack,Singapore,3.5,SGP
1523,Paldo,Bowl,South Korea,5,PRK
1522,Vifon,Pack,Vietnam,3.25,VNM
1521,Maruchan,Tray,Japan,5,JPN
1520,Yum Yum,Pack,Thailand,3,THA
1519,Ching's Secret,Pack,India,3.5,IND
1518,Mamee,Pack,Malaysia,4.5,MYS
1517,Katoz,Pack,Sweden,3.5,SWE
1516,Men-Sunaoshi,Pack,Japan,3.75,JPN
1515,Nongshim,Pack,South Korea,4,PRK
1514,Maggi,Pack,Malaysia,4.5,MYS
1513,Mama,Pack,Thailand,4,THA
1512,Chewy,Pack,Hong Kong,1.75,HKG
1511,Long Jun Hang,Pack,Taiwan,3.25,TWN
1510,Knorr,Pack,Hong Kong,3.25,HKG
1509,Nissin,Bowl,Japan,3.5,JPN
1508,Mamee,Pack,Malaysia,5,MYS
1507,Nissin,Pack,Singapore,3.5,SGP
1506,Nissin,Pack,India,3.75,IND
1505,Shan,Pack,Pakistan,3.25,PAK
1504,Master Kong,Pack,China,4.25,CHN
1503,Nongshim,Bowl,USA,3.25,USA
1502,JML,Pack,China,4,CHN
1501,Acecook,Tray,Japan,3.25,JPN
1500,MyKuali,Pack,Malaysia,5,MYS
1499,United,Pack,Vietnam,3.25,VNM
1498,Samyang Foods,Pack,South Korea,3.5,PRK
1497,Nissin,Cup,USA,3.5,USA
1496,Master Kong,Pack,China,4.5,CHN
1495,Super,Cup,Malaysia,3.75,MYS
1494,Indomie,Cup,Indonesia,3.5,IDN
1493,Maruchan,Bowl,Japan,4.25,JPN
1492,Wai Wai,Pack,Thailand,4,THA
1491,Ottogi,Pack,South Korea,3.75,PRK
1490,Nissin,Cup,Germany,3.5,DEU
1489,Maggi,Pack,India,3.25,IND
1488,Mom's Dry Noodle,Pack,Taiwan,5,TWN
1487,ICA,Pack,Sweden,3.25,SWE
1486,Mom's Dry Noodle,Pack,Taiwan,5,TWN
1485,Nongshim,Pack,USA,5,USA
1484,Ibumie,Pack,Malaysia,3.75,MYS
1483,Four Seas,Pack,Hong Kong,4,HKG
1482,Maruchan,Pack,Japan,4,JPN
1481,Master Kong,Pack,China,3.5,CHN
1480,Paldo,Pack,South Korea,4,PRK
1479,Nissin,Cup,USA,3.5,USA
1478,Ruski,Pack,Thailand,4,THA
1477,Mama,Pack,Thailand,4,THA
1476,Thai Chef,Pack,Germany,3.5,DEU
1475,Bamee,Cup,Thailand,3.25,THA
1474,Mama,Pack,Thailand,4,THA
1473,Mama,Cup,Thailand,5,THA
1472,Ruski,Pack,Thailand,3.75,THA
1471,Mama,Pack,Thailand,5,THA
1470,Mama,Cup,Thailand,3.5,THA
1469,Bamee,Pack,Germany,3.25,DEU
1468,Mama,Cup,Thailand,5,THA
1467,Ruski,Pack,Thailand,4.5,THA
1466,Mama,Pack,Thailand,5,THA
1465,Thai Chef,Pack,Germany,3.5,DEU
1464,Nanyang Chef,Pack,Malaysia,4.75,MYS
1463,Maruchan,Cup,USA,3.5,USA
1462,Wei Lih,Bowl,Taiwan,2.25,TWN
1461,Nissin,Cup,Singapore,4,SGP
1460,Nissin,Pack,Singapore,3.75,SGP
1459,Nissin,Cup,Singapore,4,SGP
1458,Nissin,Bowl,Singapore,3.75,SGP
1457,Nissin,Pack,Singapore,3.75,SGP
1456,Nissin,Cup,Singapore,3.5,SGP
1455,Nissin,Pack,Singapore,3.75,SGP
1454,Nissin,Cup,Singapore,4,SGP
1453,Nissin,Pack,Singapore,5,SGP
1452,Nissin,Bowl,Singapore,3.75,SGP
1451,Nissin,Cup,Singapore,4,SGP
1450,Nissin,Pack,Singapore,5,SGP
1449,Nissin,Cup,Singapore,4,SGP
1448,Nissin,Pack,Singapore,4.25,SGP
1447,Nissin,Cup,Singapore,4,SGP
1446,Myojo,Tray,Japan,4.5,JPN
1445,MyKuali,Pack,Malaysia,5,MYS
1444,Maruchan,Cup,USA,3.5,USA
1443,Nongshim,Pack,USA,4.25,USA
1442,Maggi,Pack,Singapore,3.5,SGP
1441,Nissin,Bowl,USA,3.5,USA
1440,Wu-Mu,Pack,Taiwan,3,TWN
1439,Adabi,Pack,Malaysia,3.5,MYS
1438,Maruchan,Pack,Japan,3.5,JPN
1437,Knorr,Pack,Hong Kong,3,HKG
1436,Chencun,Cup,China,3.5,CHN
1435,Maggi,Pack,Singapore,4,SGP
1434,Maggi,Cup,Malaysia,3.5,MYS
1433,Maggi,Pack,Singapore,3.75,SGP
1432,Maggi,Pack,Singapore,5,SGP
1431,Maggi,Pack,Singapore,5,SGP
1430,Samyang Foods,Bowl,South Korea,4,PRK
1429,Nissin,Pack,Colombia,3.5,COL
1428,Myojo,Pack,Japan,3,JPN
1427,Osaka Ramen,Bowl,USA,3.75,USA
1426,Ottogi,Bowl,South Korea,4,PRK
1425,Hao Way,Pack,Malaysia,4.5,MYS
1424,Sainsbury's,Pack,UK,1.5,UK
1423,Vina Acecook,Pack,Vietnam,3,VNM
1422,Nissin,Tray,USA,3,USA
1421,Nongshim,Cup,China,2.75,CHN
1420,Maruchan,Pack,Japan,3.75,JPN
1419,Vifon,Cup,Vietnam,3.5,VNM
1418,Ottogi,Pack,South Korea,1,PRK
1417,Sau Tao,Pack,Taiwan,1.75,TWN
1416,Myojo,Pack,Japan,2,JPN
1415,Chewy,Pack,Hong Kong,0.5,HKG
1414,Paldo,Pack,South Korea,5,PRK
1413,Chering Chang,Pack,Taiwan,5,TWN
1412,Chewy,Pack,Hong Kong,4,HKG
1411,A-Sha Dry Noodle,Pack,Taiwan,4,TWN
1410,Adabi,Pack,Malaysia,3.25,MYS
1409,Baixiang Noodles,Pack,China,3.5,CHN
1408,Pamana,Cup,Philippines,3.5,PHL
1407,Annie Chun's,Pack,USA,5,USA
1406,La Fonte,Pack,Indonesia,3.75,IDN
1405,Maggi,Pack,India,3.75,IND
1404,Thai Choice,Cup,Thailand,4,THA
1403,Tesco,Cup,UK,0.5,UK
1402,Pop Bihun,Pack,Indonesia,3.75,IDN
1401,Myojo,Tray,Japan,3.75,JPN
1400,Pulmuone,Pack,South Korea,3.75,PRK
1399,Vina Acecook,Bowl,Vietnam,3.75,VNM
1398,Nissin,Pack,Singapore,3,SGP
1397,Wu-Mu,Pack,Taiwan,4,TWN
1396,Oyatsu,Pack,Japan,4.75,JPN
1395,Snapdragon,Bowl,USA,4.25,USA
1394,Paldo,Pack,South Korea,4.5,PRK
1393,Saji,Pack,Malaysia,4.25,MYS
1392,Miracle Noodle,Pack,USA,4,USA
1391,Shan,Pack,Pakistan,3.5,PAK
1390,Indomie,Pack,Indonesia,4.75,IDN
1389,Tiger Tiger,Pack,UK,1.75,UK
1388,Paldo,Pack,South Korea,3.75,PRK
1387,Takamori Kosan,Pack,Japan,4,JPN
1386,Takamori Kosan,Pack,Japan,4.5,JPN
1385,Takamori Kosan,Pack,Japan,3.75,JPN
1384,Takamori Kosan,Pack,Japan,3,JPN
1383,Takamori Kosan,Pack,Japan,4.75,JPN
1382,Takamori Kosan,Pack,Japan,4.75,JPN
1381,Takamori Kosan,Pack,Japan,5,JPN
1380,Takamori Kosan,Pack,Japan,3.75,JPN
1379,Takamori Kosan,Pack,Japan,4,JPN
1378,Takamori Kosan,Pack,Japan,5,JPN
1377,Takamori Kosan,Pack,Japan,4.25,JPN
1376,Takamori Kosan,Pack,Japan,3.75,JPN
1375,Takamori Kosan,Pack,Japan,4,JPN
1374,Tokyo Noodle,Pack,Japan,3.25,JPN
1373,Tesco,Cup,UK,2,UK
1372,Samyang Foods,Cup,South Korea,3.75,PRK
1371,Campbell's,Cup,Canada,0,CAN
1370,Papa,Pack,Thailand,3.25,THA
1369,A-Sha Dry Noodle,Pack,Taiwan,3.25,TWN
1368,Nissin,Cup,Germany,3,DEU
1367,Sawadee,Pack,UK,1.5,UK
1366,Nongshim,Cup,USA,4.25,USA
1365,Four Seas,Bowl,Hong Kong,3.5,HKG
1364,Golden Wheat,Bowl,China,1.75,CHN
1363,Sau Tao,Pack,Hong Kong,2.75,HKG
1362,Mamee,Pack,Malaysia,3.5,MYS
1361,Mamee,Pack,Malaysia,5,MYS
1360,Mamee,Pack,Malaysia,3.75,MYS
1359,Mamee,Cup,Malaysia,5,MYS
1358,Mamee,Pack,Malaysia,4,MYS
1357,Mamee,Cup,Malaysia,5,MYS
1356,Mamee,Pack,Malaysia,3.25,MYS
1355,Mamee,Pack,Malaysia,3.25,MYS
1354,Mamee,Cup,Malaysia,4.75,MYS
1353,Mamee,Pack,Malaysia,3.75,MYS
1352,Mamee,Pack,Malaysia,3.75,MYS
1351,Mamee,Pack,Malaysia,4,MYS
1350,Mamee,Pack,Malaysia,5,MYS
1349,Mamee,Cup,Malaysia,4.5,MYS
1348,Mamee,Pack,Malaysia,3.75,MYS
1347,Paldo,Pack,South Korea,4,PRK
1346,Oyatsu,Pack,Japan,3.75,JPN
1345,Lotus Foods,Pack,USA,2.25,USA
1344,Lotus Foods,Pack,USA,4,USA
1343,Lotus Foods,Pack,USA,3.25,USA
1342,Ah Lai,Pack,Malaysia,4.5,MYS
1341,Plats Du Chef,Bowl,Canada,5,CAN
1340,Indomie,Pack,Indonesia,2.75,IDN
1339,Kin-Dee,Tray,Thailand,3.75,THA
1338,Batchelors,Pack,UK,1.5,UK
1337,Sakura Noodle,Pack,USA,4.25,USA
1336,Shirakiku,Pack,USA,3.75,USA
1335,Sakura Noodle,Pack,USA,4,USA
1334,Sakura Noodle,Pack,USA,3.75,USA
1333,Sakura Noodle,Pack,USA,3.75,USA
1332,Sakura Noodle,Pack,USA,3.75,USA
1331,Indomie,Pack,Indonesia,3.75,IDN
1330,Sapporo Ichiban,Tray,Japan,5,JPN
1329,Vifon,Cup,Vietnam,1.25,VNM
1328,A-Sha Dry Noodle,Pack,Taiwan,3.75,TWN
1327,Unif,Pack,China,3,CHN
1326,Mamee,Pack,Malaysia,3.75,MYS
1325,Koka,Cup,Singapore,3.25,SGP
1324,Ruski,Pack,Thailand,3.5,THA
1323,Golden Wheat,Pack,China,2,CHN
1322,Hi-Myon,Pack,South Korea,4,PRK
1321,Takamori Kosan,Pack,Japan,3.75,JPN
1320,Mama,Cup,Thailand,3.75,THA
1319,Adabi,Pack,Malaysia,4.25,MYS
1318,Nissin,Bowl,Japan,4,JPN
1317,Ve Wong,Pack,Taiwan,2.5,TWN
1316,Ottogi,Pack,South Korea,2.75,PRK
1315,Sainsbury's,Pack,UK,2.75,UK
1314,Paldo,Pack,South Korea,5,PRK
1313,Healtimie,Pack,Indonesia,3.25,IDN
1312,Maruchan,Pack,Japan,3.75,JPN
1311,Pop Bihun,Pack,Indonesia,4,IDN
1310,Thai Kitchen,Tray,USA,3,USA
1309,Yum Yum,Cup,Thailand,3.75,THA
1308,Nongshim,Pack,South Korea,5,PRK
1307,Nissin,Cup,Japan,3.75,JPN
1306,Koka,Pack,Singapore,2.5,SGP
1305,A-Sha Dry Noodle,Pack,Taiwan,3.75,TWN
1304,Nissin,Pack,Hong Kong,4.75,HKG
1303,Western Family,Cup,Canada,1.5,CAN
1302,Mama,Pack,Thailand,5,THA
1301,Knorr,Pack,Hong Kong,3.25,HKG
1300,Samyang Foods,Pack,South Korea,5,PRK
1299,Mr. Noodles,Cup,Canada,1,CAN
1298,Good Tto Leu Foods,Bowl,South Korea,4,PRK
1297,GaGa,Pack,Indonesia,3.25,IDN
1296,Wu-Mu,Pack,Taiwan,3.5,TWN
1295,Wu-Mu,Pack,Taiwan,3.25,TWN
1294,Thai Choice,Cup,Thailand,3,THA
1293,Myojo,Pack,Singapore,4.25,SGP
1292,Nissin,Cup,Colombia,3,COL
1291,A-One,Cup,Vietnam,3.25,VNM
1290,Nongshim,Tray,South Korea,4.5,PRK
1289,JML,Pack,China,4,CHN
1288,Sau Tao,Bowl,Hong Kong,3.75,HKG
1287,Kimura,Pack,Japan,5,JPN
1286,Batchelors,Pack,UK,3.25,UK
1285,Lucky Me!,Bowl,Philippines,3.25,PHL
1284,Thai Kitchen,Tray,USA,4.25,USA
1283,Nongshim,Cup,South Korea,4,PRK
1282,Koka,Pack,Singapore,2.75,SGP
1281,Tokachimen Koubou,Bowl,Japan,2.25,JPN
1280,Deshome,Pack,Taiwan,5,TWN
1279,Ko-Lee,Pack,UK,3.5,UK
1278,Ottogi,Pack,South Korea,3.25,PRK
1277,Vifon,Pack,Vietnam,2,VNM
1276,Adabi,Pack,Malaysia,4.25,MYS
1275,Wu-Mu,Pack,Taiwan,4.5,TWN
1274,Wu-Mu,Pack,Taiwan,3.75,TWN
1273,Sainsbury's,Pack,UK,3.25,UK
1272,Samyang Foods,Pack,South Korea,3.5,PRK
1271,Prima Taste,Pack,Singapore,5,SGP
1270,Ko-Lee,Pack,UK,5,UK
1269,Chewy,Pack,Hong Kong,2.5,HKG
1268,Wu-Mu,Pack,Taiwan,3.25,TWN
1267,ABC,Cup,Indonesia,3.75,IDN
1266,ABC,Cup,Indonesia,4,IDN
1265,ABC,Cup,Indonesia,3.75,IDN
1264,ABC,Cup,Indonesia,4.25,IDN
1263,Nissin,Cup,Japan,4.25,JPN
1262,ABC,Cup,Indonesia,3.75,IDN
1261,Eat & Go,Cup,Indonesia,3.75,IDN
1260,ABC,Pack,Indonesia,5,IDN
1259,Eat & Go,Cup,Indonesia,3.75,IDN
1258,President,Pack,Indonesia,4.5,IDN
1257,ABC,Cup,Indonesia,4,IDN
1256,Eat & Go,Cup,Indonesia,4.25,IDN
1255,Thai Choice,Cup,Thailand,3.25,THA
1254,Four Seas,Bowl,Hong Kong,2.75,HKG
1253,Nissin,Tray,USA,3.75,USA
1252,Tesco,Pack,UK,2.25,UK
1251,Mama,Pack,Thailand,3.5,THA
1250,Samyang Foods,Bowl,South Korea,3.75,PRK
1249,Nissin,Cup,Colombia,2.75,COL
1248,Wu-Mu,Pack,Taiwan,4,TWN
1247,Maruchan,Pack,Japan,4,JPN
1246,Annie Chun's,Pack,USA,4,USA
1245,Sau Tao,Pack,Hong Kong,3.5,HKG
1244,Unif,Pack,China,3.75,CHN
1243,Nissin,Pack,Hong Kong,1.75,HKG
1242,Thai Pavilion,Tray,USA,4,USA
1241,Nissin,Pack,Japan,3.75,JPN
1240,Maggi,Pack,Malaysia,4,MYS
1239,SuperMi,Pack,Indonesia,4,IDN
1238,Sapporo Ichiban,Pack,Japan,5,JPN
1237,Mama,Pack,Thailand,3.5,THA
1236,Emart,Cup,South Korea,3.25,PRK
1235,Nissin,Pack,Hong Kong,3.75,HKG
1234,Sainsbury's,Pack,UK,2.75,UK
1233,Nissin,Pack,Colombia,3.25,COL
1232,GaGa,Pack,Indonesia,3.25,IDN
1231,A-Sha Dry Noodle,Pack,Taiwan,3.75,TWN
1230,Saji,Pack,Malaysia,4,MYS
1229,Kumamoto,Pack,Japan,2.5,JPN
1228,Maruchan,Pack,Japan,3.75,JPN
1227,Mr. Noodles,Bowl,Canada,0.5,CAN
1226,Master Kong,Bowl,China,3.75,CHN
1225,Nissin,Tray,USA,3.75,USA
1224,HoMyeonDang,Pack,South Korea,4,PRK
1223,Sawadee,Pack,Malaysia,2.5,MYS
1222,Nissin,Cup,Germany,3.75,DEU
1221,ABC,Pack,Indonesia,4.5,IDN
1220,Nissin,Cup,Japan,3,JPN
1219,Tokyo Noodle,Pack,Japan,3.5,JPN
1218,Sau Tao,Pack,China,3.75,CHN
1217,Doll,Cup,Hong Kong,3.5,HKG
1216,Batchelors,Pack,UK,1,UK
1215,GaGa,Cup,Indonesia,4.75,IDN
1214,Eat & Go,Cup,Indonesia,5,IDN
1213,Nan Jie Cun,Tray,China,0.5,CHN
1212,Ruski,Pack,Thailand,3.5,THA
1211,Nissin,Bowl,Hong Kong,3,HKG
1210,A-Sha Dry Noodle,Pack,Taiwan,4,TWN
1209,Batchelors,Pack,UK,3.25,UK
1208,Golden Wheat,Pack,China,3.5,CHN
1207,Nissin,Bowl,Japan,5,JPN
1206,CHN Best,Pack,Taiwan,1,TWN
1205,Mama,Pack,Thailand,3.5,THA
1204,Nissin,Cup,Colombia,3.5,COL
1203,GaGa,Pack,Indonesia,3.5,IDN
1202,Sugakiya Foods,Pack,Japan,3.25,JPN
1201,A-Sha Dry Noodle,Pack,Taiwan,4.25,TWN
1200,Men-Sunaoshi,Pack,Japan,3.75,JPN
1199,Mama,Pack,Thailand,3.75,THA
1198,Samyang Foods,Pack,South Korea,5,PRK
1197,Nissin,Cup,Japan,4.5,JPN
1196,Nissin,Bowl,USA,3.5,USA
1195,Sawadee,Pack,Malaysia,2.5,MYS
1194,Paldo,Bowl,South Korea,4,PRK
1193,Nissin,Cup,Germany,3.75,DEU
1192,Wu-Mu,Pack,Taiwan,3.75,TWN
1191,GaGa,Pack,Indonesia,4,IDN
1190,Sanrio,Bowl,Japan,3.75,JPN
1189,Acecook,Bowl,Japan,5,JPN
1188,Chencun,Cup,China,3,CHN
1187,Nongshim,Cup,South Korea,3.5,PRK
1186,Nissin,Pack,Colombia,3.75,COL
1185,Sainsbury's,Pack,UK,3.25,UK
1184,Sapporo Ichiban,Cup,Japan,3.5,JPN
1183,Paldo,Pack,South Korea,5,PRK
1182,Ko-Lee,Pack,UK,3.75,UK
1181,Samyang Foods,Pack,South Korea,4,PRK
1180,Wei Lih,Pack,Taiwan,3.75,TWN
1179,Myojo,Pack,Japan,4.25,JPN
1178,Nongshim,Cup,USA,5,USA
1177,ABC,Pack,Indonesia,4,IDN
1176,Maruchan,Pack,Japan,3.5,JPN
1175,Healtimie,Pack,Indonesia,4.25,IDN
1174,Itomen,Pack,Japan,4,JPN
1173,Pop Bihun,Pack,Indonesia,3.5,IDN
1172,Koyo,Pack,USA,2.75,USA
1171,Tiger Tiger,Pack,UK,3,UK
1170,Acecook,Cup,Japan,3.75,JPN
1169,Mr. Noodles,Cup,Canada,1.75,CAN
1168,Nissin,Bowl,Japan,3.25,JPN
1167,Kabuto Noodles,Cup,UK,3.75,UK
1166,Unif,Bowl,Taiwan,5,TWN
1165,Nissin,Tray,USA,3.75,USA
1164,Mr. Noodles,Bowl,Canada,2,CAN
1163,Chewy,Pack,China,3.25,CHN
1162,Nissin,Pack,Japan,4.75,JPN
1161,GaGa,Pack,Indonesia,3.75,IDN
1160,Samyang Foods,Pack,South Korea,3.75,PRK
1159,Peyang,Tray,Japan,5,JPN
1158,Nissin,Bowl,Hong Kong,4,HKG
1157,Golden Wonder,Cup,UK,4.25,UK
1156,Vifon,Pack,Vietnam,3.75,VNM
1155,Komforte Chockolates,Bar,USA,5,USA
1154,Golden Wheat,Pack,China,3.5,CHN
1153,Wu-Mu,Pack,Taiwan,4,TWN
1152,Sapporo Ichiban,Pack,Japan,4,JPN
1151,Asian Thai Foods,Pack,Nepal,3.75,NPL
1150,Asian Thai Foods,Pack,Nepal,3.5,NPL
1149,Asian Thai Foods,Pack,Nepal,3.5,NPL
1148,Asian Thai Foods,Pack,Nepal,3.5,NPL
1147,Asian Thai Foods,Pack,Nepal,3.5,NPL
1146,Asian Thai Foods,Pack,Nepal,3.5,NPL
1145,Asian Thai Foods,Pack,Nepal,3.75,NPL
1144,Asian Thai Foods,Pack,Nepal,3.5,NPL
1143,Asian Thai Foods,Pack,Nepal,4.25,NPL
1142,Asian Thai Foods,Pack,Nepal,4,NPL
1141,Asian Thai Foods,Pack,Nepal,3.25,NPL
1140,Asian Thai Foods,Pack,Nepal,5,NPL
1139,Asian Thai Foods,Pack,Nepal,3.75,NPL
1138,Tablemark,Pack,Japan,4.75,JPN
1137,Koka,Pack,Singapore,3.75,SGP
1136,Nissin,Pack,Japan,5,JPN
1135,Indomie,Pack,Indonesia,4.25,IDN
1134,Hi-Myon,Pack,South Korea,4,PRK
1133,Kamfen,Pack,Hong Kong,3.75,HKG
1132,Tesco,Cup,UK,1.5,UK
1131,Wei Lih,Pack,Taiwan,3.75,TWN
1130,Nissin,Cup,USA,3.5,USA
1129,Oyatsu,Pack,Japan,3.5,JPN
1128,Lucky Me!,Pack,Philippines,3.25,PHL
1127,Campbell's,Cup,Canada,2.75,CAN
1126,GaGa,Pack,Indonesia,4,IDN
1125,Myojo,Pack,USA,5,USA
1124,Samyang Foods,Bowl,South Korea,4.25,PRK
1123,Maruchan,Pack,Japan,4.25,JPN
1122,Nagao Noodle,Pack,Japan,4.25,JPN
1121,Sau Tao,Pack,China,3.75,CHN
1120,ABC,Pack,Indonesia,4.75,IDN
1119,Ko-Lee,Pack,UK,3.75,UK
1118,Mr. Noodles,Bowl,Canada,2.75,CAN
1117,Thai Pavilion,Tray,USA,4.25,USA
1116,Tokyo Noodle,Pack,Japan,5,JPN
1115,Nissin,Tray,USA,3.75,USA
1114,Maitri,Pack,Indonesia,4,IDN
1113,Samyang Foods,Cup,South Korea,3.5,PRK
1112,Mama,Pack,Thailand,3.75,THA
1111,Golden Wheat,Pack,China,3.25,CHN
1110,GS25,Pack,South Korea,4.5,PRK
1109,La Fonte,Box,Indonesia,4.25,IDN
1108,Chencun,Cup,China,3.5,CHN
1107,Nissin,Bowl,Hong Kong,3.5,HKG
1106,Nissin,Bowl,Japan,4.5,JPN
1105,Nongshim,Tray,South Korea,5,PRK
1104,Western Family,Pack,Canada,3.5,CAN
1103,Myojo,Tray,Japan,5,JPN
1102,Batchelors,Pack,UK,3,UK
1101,Eat & Go,Cup,Indonesia,4.25,IDN
1100,Baltix,Pack,Estonia,3.75,EST
1099,Baltix,Pack,Estonia,3.25,EST
1098,Tropicana Slim,Pack,Indonesia,3.75,IDN
1097,Amianda,Pack,Taiwan,3.75,TWN
1096,Amianda,Pack,Taiwan,3.5,TWN
1095,Amianda,Pack,Taiwan,3.25,TWN
1094,Amianda,Pack,Taiwan,4.25,TWN
1093,Amianda,Pack,Taiwan,4.5,TWN
1092,Amianda,Pack,Taiwan,5,TWN
1091,Amianda,Pack,Taiwan,4,TWN
1090,Amianda,Pack,Taiwan,3.25,TWN
1089,Amianda,Pack,Taiwan,4.25,TWN
1088,Amianda,Pack,Taiwan,3.75,TWN
1087,MyKuali,Pack,Malaysia,5,MYS
1086,Sawadee,Pack,UK,3,UK
1085,Vina Acecook,Pack,Vietnam,3.5,VNM
1084,Mr. Noodles,Cup,Canada,1.5,CAN
1083,Nissin,Cup,Japan,4.75,JPN
1082,Indomie,Pack,Indonesia,4.5,IDN
1081,Deshome,Pack,Taiwan,3.25,TWN
1080,Deshome,Pack,Taiwan,3.5,TWN
1079,Deshome,Pack,Taiwan,5,TWN
1078,Deshome,Pack,Taiwan,3.75,TWN
1077,Deshome,Pack,Taiwan,5,TWN
1076,Deshome,Pack,Taiwan,3.75,TWN
1075,Deshome,Pack,Taiwan,5,TWN
1074,Deshome,Pack,Taiwan,4.25,TWN
1073,Deshome,Pack,Taiwan,3.75,TWN
1072,Deshome,Pack,Taiwan,4,TWN
1071,Nissin,Pack,Japan,4,JPN
1070,HoMyeonDang,Pack,South Korea,4,PRK
1069,Nissin,Bowl,Japan,5,JPN
1068,Koka,Pack,Singapore,3.75,SGP
1067,Nissin,Cup,Japan,3.75,JPN
1066,Tasty Bite,Pack,USA,3.5,USA
1065,Tasty Bite,Pack,USA,4.25,USA
1064,Tasty Bite,Pack,USA,4,USA
1063,Tasty Bite,Pack,USA,3.75,USA
1062,Tasty Bite,Pack,USA,3.75,USA
1061,Tasty Bite,Pack,USA,4,USA
1060,Star Anise Foods,Pack,USA,3.75,USA
1059,Mamee,Pack,Malaysia,3.25,MYS
1058,A-Sha Dry Noodle,Pack,Taiwan,4,TWN
1057,A-Sha Dry Noodle,Pack,Taiwan,3.5,TWN
1056,A-Sha Dry Noodle,Pack,Taiwan,5,TWN
1055,A-Sha Dry Noodle,Pack,Taiwan,5,TWN
1054,A-Sha Dry Noodle,Pack,Taiwan,3.75,TWN
1053,A-Sha Dry Noodle,Pack,Taiwan,4,TWN
1052,A-Sha Dry Noodle,Pack,Taiwan,4.25,TWN
1051,Maruchan,Pack,Japan,3.75,JPN
1050,Knorr,Pack,Hong Kong,3,HKG
1049,Mr. Noodles,Bowl,Canada,2,CAN
1048,Ottogi,Cup,South Korea,3.5,PRK
1047,New Touch,Tray,Japan,4,JPN
1046,Myojo,Pack,USA,4,USA
1045,Nissin,Tray,USA,3.5,USA
1044,Nongshim,Bowl,China,3.25,CHN
1043,Chewy,Pack,China,3,CHN
1042,Nongshim,Pack,China,5,CHN
1041,Ko-Lee,Pack,UK,4,UK
1040,Western Family,Pack,Canada,1,CAN
1039,Maruchan,Bowl,USA,4.25,USA
1038,Itomen,Pack,Japan,4.25,JPN
1037,Emart,Pack,South Korea,4,PRK
1036,Golden Wheat,Bowl,China,3.5,CHN
1035,Wei Lih,Bowl,Taiwan,3.5,TWN
1034,Western Family,Cup,Canada,2.25,CAN
1033,Nissin,Cup,Japan,3.75,JPN
1032,Mama,Pack,Thailand,4,THA
1031,HoMyeonDang,Pack,South Korea,4,PRK
1030,Samyang Foods,Pack,South Korea,3.75,PRK
1029,Samyang Foods,Pack,South Korea,5,PRK
1028,Samyang Foods,Pack,South Korea,4,PRK
1027,Samyang Foods,Bowl,South Korea,4,PRK
1026,Samyang Foods,Pack,South Korea,3.75,PRK
1025,Samyang Foods,Pack,South Korea,3.75,PRK
1024,HoMyeonDang,Pack,South Korea,3.5,PRK
1023,Samyang Foods,Pack,South Korea,4.5,PRK
1022,HoMyeonDang,Pack,South Korea,5,PRK
1021,Samyang Foods,Pack,South Korea,4.25,PRK
1020,Samyang Foods,Bowl,South Korea,4.75,PRK
1019,Samyang Foods,Pack,South Korea,4,PRK
1018,Samyang Foods,Pack,South Korea,4.25,PRK
1017,Samyang Foods,Pack,South Korea,3.75,PRK
1016,Nissin,Cup,USA,3.5,USA
1015,Tradition,Pack,USA,2.75,USA
1014,Nissin,Bowl,Japan,4.25,JPN
1013,Vina Acecook,Pack,Vietnam,3.5,VNM
1012,Unox,Pack,Holland,3.5,NLD
1011,Maruchan,Bowl,USA,4,USA
1010,Golden Wheat,Bowl,China,3.75,CHN
1009,Western Family,Cup,Canada,2,CAN
1008,Ottogi,Bowl,South Korea,3.5,PRK
1007,Nissin,Bowl,Hong Kong,4.5,HKG
1006,Amino,Pack,Poland,4,POL
1005,Four Seas,Bowl,China,2.75,CHN
1004,Wai Wai,Pack,Thailand,3,THA
1003,Nissin,Tray,USA,4.5,USA
1002,Mr. Noodles,Bowl,Canada,2,CAN
1001,Paldo,Pack,South Korea,3.5,PRK
1000,Maruchan,Tray,USA,4.25,USA
999,Pot Noodle,Cup,UK,1.5,UK
998,Nongshim,Cup,South Korea,4.5,PRK
997,Sakurai Foods,Pack,Japan,4.25,JPN
996,Maruchan,Bowl,USA,4,USA
995,Ko-Lee,Pack,UK,3,UK
994,Wai Wai,Pack,Thailand,3.25,THA
993,Unox,Pack,Holland,3.5,NLD
992,Prima Taste,Pack,Singapore,5,SGP
991,Prima Taste,Pack,Singapore,5,SGP
990,Nissin,Tray,USA,2.75,USA
989,GS25,Pack,South Korea,4,PRK
988,Amino,Pack,Poland,3.25,POL
987,Trident,Pack,Australia,2.75,AUS
986,Paldo,Pack,South Korea,4,PRK
985,Ko-Lee,Cup,UK,1,UK
984,Sun Noodle,Tray,USA,5,USA
983,Sun Noodle,Tray,USA,3.75,USA
982,Sun Noodle,Tray,USA,5,USA
981,S&S,Pack,USA,4,USA
980,Sun Noodle,Tray,USA,4,USA
979,Sun Noodle,Tray,USA,4,USA
978,Sun Noodle,Tray,USA,5,USA
977,Sun Noodle,Pack,USA,4.5,USA
976,Nissin,Bowl,Japan,4,JPN
975,Ottogi,Bowl,South Korea,4.5,PRK
974,Pot Noodle,Cup,UK,2.25,UK
973,Annie Chun's,Pack,USA,4,USA
972,Springlife,Pack,China,3,CHN
971,Annie Chun's,Bowl,USA,4.25,USA
970,Annie Chun's,Tray,USA,2,USA
969,Annie Chun's,Bowl,USA,4,USA
968,Annie Chun's,Tray,USA,3,USA
967,Annie Chun's,Bowl,USA,4.5,USA
966,Annie Chun's,Pack,USA,4,USA
965,Annie Chun's,Tray,USA,3.75,USA
964,Nissin,Bowl,Japan,5,JPN
963,Pot Noodle,Cup,UK,3.25,UK
962,Nongshim,Bowl,USA,4.25,USA
961,Trident,Pack,Australia,2.75,AUS
960,Nissin,Bowl,USA,3.25,USA
959,Sakurai Foods,Pack,Japan,3.25,JPN
958,Sakurai Foods,Bowl,Japan,4.25,JPN
957,Sakurai Foods,Pack,Japan,4.25,JPN
956,Sakurai Foods,Pack,Japan,5,JPN
955,Sakurai Foods,Bowl,Japan,4,JPN
954,Sakurai Foods,Pack,Japan,3.25,JPN
953,Sakurai Foods,Pack,Japan,4.75,JPN
952,Pot Noodle,Cup,UK,3.5,UK
951,Vifon,Pack,Poland,4,POL
950,Ottogi,Cup,South Korea,3.75,PRK
949,Ko-Lee,Pack,UK,3.5,UK
948,Trident,Pack,Australia,3.5,AUS
947,Maruchan,Tray,USA,4,USA
946,Right Foods,Cup,USA,1.75,USA
945,Pot Noodle,Cup,UK,2.75,UK
944,Wai Wai,Pack,Thailand,3,THA
943,Amino,Pack,Poland,3.25,POL
942,Kamfen,Pack,China,3.25,CHN
941,Ko-Lee,Pack,UK,3.75,UK
940,Wai Wai,Pack,Thailand,3.5,THA
939,Pot Noodle,Cup,UK,3.75,UK
938,Maruchan,Tray,USA,3.75,USA
937,Mama,Pack,Thailand,3.75,THA
936,Yamachan,Pack,USA,5,USA
935,Maruchan,Cup,USA,3.5,USA
934,Nongshim,Pack,USA,5,USA
933,Paldo,Cup,South Korea,4.5,PRK
932,Paldo,Pack,South Korea,5,PRK
931,Kamfen,Tray,China,3.75,CHN
930,Maruchan,Cup,USA,3.5,USA
929,Vina Acecook,Pack,Vietnam,3.75,VNM
928,Kamfen,Tray,China,4,CHN
927,Paldo,Bowl,South Korea,4.75,PRK
926,Ibumie,Pack,Malaysia,2.75,MYS
925,Emart,Pack,South Korea,3.75,PRK
924,Maruchan,Pack,USA,3.75,USA
923,Ibumie,Pack,Malaysia,3.5,MYS
922,Sunlee,Bowl,Thailand,1.25,THA
921,Ottogi,Bowl,South Korea,3.5,PRK
920,Shirakiku,Pack,USA,3,USA
919,Maruchan,Pack,USA,3.5,USA
918,Nongshim,Cup,South Korea,4.5,PRK
917,Vina Acecook,Pack,Vietnam,3.25,VNM
916,Goku Uma,Bowl,Japan,4.25,JPN
915,Wai Wai,Pack,Thailand,3.5,THA
914,Nissin,Pack,Japan,4,JPN
913,Nongshim,Cup,South Korea,4.25,PRK
912,Maruchan,Cup,USA,3.75,USA
911,Nissin,Pack,USA,3.75,USA
910,Paldo,Bowl,South Korea,4.25,PRK
909,Indomie,Pack,Indonesia,4.25,IDN
908,Sapporo Ichiban,Cup,USA,3.5,USA
907,Nongshim,Cup,South Korea,4,PRK
906,Daddy,Pack,Malaysia,5,MYS
905,Tradition,Cup,USA,3.25,USA
904,Myojo,Tray,Japan,4.75,JPN
903,Han's PRK,Tray,South Korea,3.5,PRK
902,Sunlee,Bowl,Thailand,3.25,THA
901,Sarimi,Pack,Indonesia,3.5,IDN
900,Maruchan,Cup,USA,3.5,USA
899,FMF,Pack,Fiji,4.25,Fiji
898,Long Kow,Cup,China,1.5,CHN
897,FMF,Pack,Fiji,4,Fiji
896,Vina Acecook,Pack,Vietnam,3.5,VNM
895,SuperMi,Pack,Indonesia,5,IDN
894,Han's PRK,Tray,South Korea,3,PRK
893,Paldo,Bowl,South Korea,3.25,PRK
892,ABC,Pack,Indonesia,4.5,IDN
891,Vina Acecook,Pack,Vietnam,2.75,VNM
890,Unif / Tung-I,Pack,Vietnam,3.5,VNM
889,Yamachan,Pack,USA,4,USA
888,Yamachan,Pack,USA,4.25,USA
887,Yamachan,Pack,USA,4,USA
886,Yamachan,Pack,USA,4.75,USA
885,Yamachan,Pack,USA,5,USA
884,Yamachan,Pack,USA,4,USA
883,Yamachan,Pack,USA,4.5,USA
882,SuperMi,Pack,Indonesia,5,IDN
881,Han's PRK,Tray,South Korea,3.25,PRK
880,Golden Wheat,Cup,China,2.75,CHN
879,Song Hak,Bowl,South Korea,5,PRK
878,Nissin,Pack,USA,3.75,USA
877,Nongshim,Bowl,USA,4.25,USA
876,Sarimi,Pack,Indonesia,3.25,IDN
875,Sunlee,Bowl,Thailand,2.5,THA
874,Fuji Mengyo,Bowl,Japan,3.5,JPN
873,Vifon,Pack,Vietnam,3.5,VNM
872,Nongshim,Bowl,USA,5,USA
871,Dragonfly,Pack,China,4,CHN
870,SuperMi,Pack,Indonesia,3.75,IDN
869,Vina Acecook,Pack,Vietnam,3.25,VNM
868,CJ CheilJedang,Bowl,South Korea,3.75,PRK
867,Indomie,Pack,Indonesia,4,IDN
866,Master Kong,Pack,China,4,CHN
865,Little Cook,Cup,Thailand,3,THA
864,Unif / Tung-I,Pack,Taiwan,3.5,TWN
863,Indomie,Pack,Indonesia,5,IDN
862,Nissin,Pack,USA,4.25,USA
861,Vina Acecook,Pack,Vietnam,3.25,VNM
860,Baijia,Pack,China,2.75,CHN
859,Tradition,Cup,USA,3.75,USA
858,Indomie,Pack,Indonesia,4.5,IDN
857,Sempio,Bowl,South Korea,4.25,PRK
856,Little Cook,Bowl,Thailand,4.75,THA
855,Vina Acecook,Bowl,Vietnam,4.25,VNM
854,Long Kow,Bowl,China,3.5,CHN
853,Dongwon,Bowl,South Korea,4.5,PRK
852,SuperMi,Pack,Indonesia,4,IDN
851,Dragonfly,Bowl,China,3.5,CHN
850,Nissin,Pack,USA,4,USA
849,Nissin,Pack,USA,3.5,USA
848,Golden Wheat,Cup,China,3.5,CHN
847,Itomen,Bowl,Japan,3.25,JPN
846,Vifon,Pack,Vietnam,3.75,VNM
845,Nongshim,Pack,South Korea,4.25,PRK
844,Maggi,Pack,Malaysia,4,MYS
843,Nissin,Pack,USA,3.5,USA
842,JML,Bowl,China,3.75,CHN
841,Nongshim,Pack,South Korea,4,PRK
840,Chewy,Tray,China,3.75,CHN
839,CJ CheilJedang,Cup,South Korea,2,PRK
838,Sarimi,Pack,Indonesia,4,IDN
837,Nissin,Pack,USA,4.5,USA
836,Binh Tay,Pack,Vietnam,3.5,VNM
835,Mr. Noodles,Pack,Canada,2.5,CAN
834,Indomie,Pack,Indonesia,3.75,IDN
833,Wai Wai,Pack,Thailand,3.5,THA
832,Dragonfly,Pack,China,3.75,CHN
831,Vifon,Pack,Vietnam,3.25,VNM
830,Seven-Eleven,Cup,Japan,4.5,JPN
829,Paldo,Bowl,South Korea,4.75,PRK
828,Paldo,Pack,South Korea,3.5,PRK
827,Paldo,Pack,South Korea,4.75,PRK
826,Paldo,Pack,South Korea,5,PRK
825,Paldo,Cup,Japan,3.25,JPN
824,Paldo,Pack,South Korea,5,PRK
823,Paldo,Pack,South Korea,5,PRK
822,Paldo,Bowl,South Korea,3.5,PRK
821,Master Kong,Pack,China,5,CHN
820,Sunlee,Bowl,Thailand,3.75,THA
819,Maruchan,Pack,Japan,4,JPN
818,SuperMi,Pack,Indonesia,4,IDN
817,Souper,Bowl,Taiwan,3.75,TWN
816,Vina Acecook,Pack,Vietnam,3.75,VNM
815,Chencun,Cup,China,3.25,CHN
814,Indomie,Pack,Indonesia,3.5,IDN
813,Mr. Noodles,Pack,Canada,2,CAN
812,Master Kong,Pack,China,3.75,CHN
811,Mr. Noodles,Pack,Canada,1.75,CAN
810,ABC,Pack,Indonesia,4.25,IDN
809,Nongshim,Pack,South Korea,4,PRK
808,Kim's Bowl,Bowl,Thailand,3.5,THA
807,SuperMi,Pack,Indonesia,4,IDN
806,Ohsung,Bowl,South Korea,3.5,PRK
805,Acecook,Bowl,Japan,1.25,JPN
804,Little Cook,Cup,Thailand,1.75,THA
803,Master Kong,Bowl,China,4,CHN
802,Sarimi,Pack,Indonesia,4.5,IDN
801,Gau Do,Pack,Vietnam,3.75,VNM
800,Mr. Noodles,Pack,Canada,3,CAN
799,Nongshim,Bowl,USA,4.25,USA
798,Golden Wheat,Cup,China,3,CHN
797,Golden Mie,Pack,Dubai,3.75,ARE
796,Vina Acecook,Pack,Vietnam,3,VNM
795,Master Kong,Tray,China,2.75,CHN
794,Sarimi,Pack,Indonesia,4.75,IDN
793,Mr. Noodles,Pack,Canada,1.75,CAN
792,Nongshim,Bowl,USA,4.5,USA
791,Acecook,Bowl,Japan,1,JPN
790,GreeNoodle,Pack,Thailand,1.5,THA
789,SuperMi,Pack,Indonesia,4,IDN
788,Uni-President,Pack,Taiwan,4.75,TWN
787,Emart,Pack,South Korea,5,PRK
786,Mr. Noodles,Pack,Canada,3,CAN
785,Sarimi,Pack,Indonesia,3.5,IDN
784,Hankow,Tray,China,3.25,CHN
783,Nissin,Cup,USA,3,USA
782,Nongshim,Bowl,USA,3.25,USA
781,Vina Acecook,Pack,Vietnam,3,VNM
780,Ottogi,Pack,South Korea,3.5,PRK
779,Indomie,Pack,Indonesia,3.75,IDN
778,Mamee,Cup,Malaysia,2.5,MYS
777,Mr. Noodles,Pack,Canada,2.75,CAN
776,Sarimi,Pack,Indonesia,3.75,IDN
775,JML,Bowl,China,3,CHN
774,Indomie,Pack,Indonesia,2.25,IDN
773,Little Cook,Bowl,Thailand,3.5,THA
772,Nongshim,Pack,USA,3.5,USA
771,Mi Sedaap,Pack,Indonesia,4,IDN
770,Kailo,Pack,Hong Kong,3.5,HKG
769,Nissin,Cup,USA,3.25,USA
768,Fashion Foods,Bowl,Thailand,0.25,THA
767,Fashion Foods,Bowl,Thailand,1.75,THA
766,Fashion Foods,Bowl,Thailand,3.75,THA
765,Super Bihun,Pack,Indonesia,4.5,IDN
764,Sempio,Bowl,South Korea,3.5,PRK
763,Maggi,Pack,India,3.25,IND
762,Long Kow,Pack,Taiwan,1.5,TWN
761,Thai Kitchen,Pack,USA,3.5,USA
760,Nissin,Cup,USA,3.25,USA
759,Nongshim,Bowl,USA,3.75,USA
758,JML,Bowl,China,3.25,CHN
757,Indomie,Pack,Indonesia,4.25,IDN
756,Daikoku,Bowl,Japan,3.75,JPN
755,Nongshim,Bowl,South Korea,4.25,PRK
754,Nongshim,Pack,USA,3.75,USA
753,Nongshim,Pack,South Korea,4.25,PRK
752,Nongshim,Bowl,USA,3.5,USA
751,Nongshim,Cup,South Korea,5,PRK
750,Nongshim,Bowl,USA,3.75,USA
749,Sapporo Ichiban,Pack,USA,5,USA
748,Hosoonyi,Bowl,USA,3.75,USA
747,Nissin,Pack,USA,3.5,USA
746,JML,Bowl,China,1.25,CHN
745,Nongshim,Pack,South Korea,5,PRK
744,Payless,Pack,Philippines,3.25,PHL
743,Mamee,Cup,Malaysia,3.75,MYS
742,Golden Mie,Pack,Dubai,3.25,ARE
741,Wei Lih,Pack,Taiwan,2.75,TWN
740,Indomie,Pack,Indonesia,5,IDN
739,JML,Bowl,China,3.5,CHN
738,Nissin,Bowl,Japan,3.75,JPN
737,Gau Do,Pack,Vietnam,2.5,VNM
736,Maruchan,Tray,USA,3.25,USA
735,Ottogi,Bowl,South Korea,2.75,PRK
734,Indomie,Pack,Indonesia,5,IDN
733,Indomie,Pack,Indonesia,4.5,IDN
732,Indomie,Pack,Indonesia,4.25,IDN
731,Indomie,Pack,Indonesia,3.25,IDN
730,Indomie,Pack,Indonesia,5,IDN
729,Indomie,Pack,Indonesia,5,IDN
728,Indomie,Pack,Indonesia,5,IDN
727,Indomie,Pack,Indonesia,4,IDN
726,Indomie,Pack,Indonesia,4,IDN
725,Indomie,Cup,Indonesia,5,IDN
724,Indomie,Pack,Indonesia,3.5,IDN
723,Indomie,Pack,Indonesia,5,IDN
722,Yamamoto,Bowl,Japan,3.5,JPN
721,Nongshim,Bowl,USA,4,USA
720,Golden Mie,Pack,Dubai,3.75,ARE
719,Nissin,Pack,USA,3.25,USA
718,Ottogi,Pack,South Korea,3.75,PRK
717,Nissin,Bowl,USA,3.25,USA
716,Vifon,Bowl,Vietnam,3.75,VNM
715,Indomie,Pack,Indonesia,5,IDN
714,Pulmuone,Pack,South Korea,3.75,PRK
713,Nissin,Pack,USA,4,USA
712,Four Seas,Bowl,Hong Kong,3.25,HKG
711,Nongshim,Pack,South Korea,4.25,PRK
710,Saigon Ve Wong,Bowl,Vietnam,2.75,VNM
709,Nissin,Tray,USA,3.25,USA
708,Wu Mu,Pack,Taiwan,2.75,TWN
707,Mee Jang,Bowl,Thailand,3.25,THA
706,Unif,Bowl,Taiwan,4.25,TWN
705,Golden Wheat,Cup,China,3.5,CHN
704,Nissin,Tray,USA,4,USA
703,Nissin,Pack,USA,3.5,USA
702,Nissin,Pack,Japan,4.5,JPN
701,Nissin,Cup,USA,4,USA
700,Nissin,Pack,Japan,5,JPN
699,Nissin,Cup,USA,3.5,USA
698,Nissin,Tray,USA,4,USA
697,Nissin,Pack,USA,3.25,USA
696,Nissin,Cup,USA,3.5,USA
695,JFC,Bowl,Japan,4.5,JPN
694,Vina Acecook,Pack,Vietnam,3.5,VNM
693,Chewy,Tray,China,2.25,CHN
692,Samyang,Pack,South Korea,3.75,PRK
691,Mamee,Cup,Malaysia,2,MYS
690,Maruchan,Tray,USA,3.75,USA
689,Mee Jang,Bowl,Thailand,2.5,THA
688,Ohsung,Pack,South Korea,3.75,PRK
687,Nissin,Cup,Hong Kong,3.75,HKG
686,Mi Sedaap,Pack,Indonesia,4.5,IDN
685,Indomie,Pack,Indonesia,2.75,IDN
684,Dragonfly,Pack,China,3.75,CHN
683,Nongshim,Pack,South Korea,4.75,PRK
682,Indomie,Cup,Indonesia,4.25,IDN
681,Nongshim,Pack,South Korea,3.75,PRK
680,Vina Acecook,Pack,Vietnam,2.75,VNM
679,Mamee,Cup,Malaysia,3.25,MYS
678,Wang,Bowl,South Korea,4,PRK
677,Nongshim,Pack,China,4.5,CHN
676,Indomie,Pack,Indonesia,4.75,IDN
675,Samyang,Pack,South Korea,4.75,PRK
674,Paldo,Pack,South Korea,5,PRK
673,Ohsung,Pack,South Korea,3.25,PRK
672,Mug Shot,Pack,UK,3,UK
671,Mug Shot,Pack,UK,3,UK
670,Saigon Ve Wong,Bowl,Vietnam,3.5,VNM
669,Nissin,Bowl,Japan,4,JPN
668,Saigon Ve Wong,Bowl,Vietnam,2,VNM
667,Nissin,Bowl,USA,3,USA
666,Lishan,Pack,Taiwan,1.5,TWN
665,Mama,Pack,Thailand,3.25,THA
664,Thai Kitchen,Pack,USA,2.75,USA
663,Paldo,Pack,South Korea,4,PRK
662,Daikoku,Bowl,Japan,4.25,JPN
661,Yamamoto,Bowl,Japan,4.25,JPN
660,Lucky Me!,Pack,Philippines,3.75,PHL
659,Nissin,Bowl,USA,3,USA
658,Paldo,Cup,South Korea,3.5,PRK
657,Dragonfly,Pack,China,3.75,CHN
656,Nissin,Bowl,USA,3.75,USA
655,Cap Atoom Bulan,Pack,Indonesia,3,IDN
654,Mee Jang,Bowl,Thailand,3.25,THA
653,Dragonfly,Pack,China,4,CHN
652,Sapporo Ichiban,Pack,Japan,5,JPN
651,Mi Sedaap,Pack,Indonesia,4,IDN
650,Dragonfly,Pack,China,4,CHN
649,Pot Noodle,Cup,UK,3.75,UK
648,Nongshim,Pack,South Korea,3.75,PRK
647,Sunlee,Bowl,Thailand,3.5,THA
646,Yamamoto,Bowl,Japan,4.25,JPN
645,Nongshim,Cup,South Korea,3.75,PRK
644,Sura,Bowl,South Korea,3.75,PRK
643,Wei Chuan,Pack,Taiwan,3.25,TWN
642,Little Cook,Cup,Thailand,2.75,THA
641,Vina Acecook,Pack,Vietnam,3,VNM
640,Master Kong,Pack,China,4.25,CHN
639,Nissin,Bowl,Japan,5,JPN
638,GreeNoodle,Pack,Thailand,3,THA
637,Snapdragon,Cup,Singapore,2.5,SGP
636,Yamamori,Pack,Japan,4.75,JPN
635,Ottogi,Pack,South Korea,1.1,PRK
634,Baijia,Bowl,China,0.5,CHN
633,Mr. Udon,Pack,South Korea,3.5,PRK
632,Mr. Udon,Pack,South Korea,2.75,PRK
631,Fashion Foods,Bowl,Thailand,1.25,THA
630,Ve Wong,Bowl,Taiwan,1.25,TWN
629,Master Kong,Pack,China,4.25,CHN
628,Lucky Me!,Bowl,Philippines,3.5,PHL
627,Omachi,Pack,Vietnam,3.75,VNM
626,Ottogi,Bowl,South Korea,3.5,PRK
625,Pot Noodle,Cup,UK,4,UK
624,Master Kong,Pack,China,3.75,CHN
623,Wei Wei,Pack,Taiwan,3.25,TWN
622,Daikoku,Bowl,Japan,4.75,JPN
621,Ottogi,Bowl,South Korea,3.5,PRK
620,Vifon,Pack,Vietnam,1.25,VNM
619,Yamamoto,Bowl,Japan,4.75,JPN
618,Pulmuone,Pack,South Korea,2.75,PRK
617,Nissin,Pack,Japan,3.75,JPN
616,Maggi,Pack,India,2,IND
615,Yamamori,Pack,Japan,4.5,JPN
614,Fuku,Pack,Hong Kong,2.5,HKG
613,Saigon Ve Wong,Bowl,Vietnam,3,VNM
612,Maruchan,Tray,USA,1.75,USA
611,Batchelors,Pack,UK,2,UK
610,Wei Wei,Pack,Taiwan,3.25,TWN
609,Wei Wei,Pack,Taiwan,3.75,TWN
608,Koka,Pack,Singapore,5,SGP
607,Pot Noodle,Cup,UK,1.5,UK
606,Six Fortune,Pack,South Korea,4,PRK
605,Little Cook,Cup,Thailand,3.5,THA
604,Batchelors,Pack,UK,2,UK
603,Wei Lih,Pack,Taiwan,3.75,TWN
602,Nongshim,Cup,South Korea,3.5,PRK
601,Wei Chuan,Pack,Taiwan,4,TWN
600,Maruchan,Pack,USA,3.25,USA
599,Lucky Me!,Pack,Philippines,4,PHL
598,Little Cook,Cup,Thailand,3.25,THA
597,Batchelors,Pack,UK,3.5,UK
596,Thai Kitchen,Pack,USA,1.5,USA
595,Thai Kitchen,Pack,USA,3.75,USA
594,Haioreum,Bowl,South Korea,3.5,PRK
593,Nongshim,Pack,South Korea,4,PRK
592,Batchelors,Pack,UK,3.25,UK
591,Batchelors,Bowl,UK,2.5,UK
590,Mama,Bowl,Thailand,3.5,THA
589,Vifon,Bowl,Vietnam,4.25,VNM
588,Vifon,Pack,Vietnam,2.75,VNM
587,Sunlight,Pack,Taiwan,2.1,TWN
586,Vedan,Pack,Taiwan,3.25,TWN
585,Ve Wong,Bowl,Taiwan,1.5,TWN
584,Baijia,Cup,China,0,CHN
583,Vifon,Pack,Vietnam,2.25,VNM
582,Koyo,Pack,USA,2.5,USA
581,Koyo,Pack,USA,2.75,USA
580,Baijia,Pack,China,0,CHN
579,Baijia,Pack,China,1.75,CHN
578,Nongshim,Pack,South Korea,4.75,PRK
577,Pot Noodle,Cup,UK,3,UK
576,Menraku,Bowl,Japan,3.75,JPN
575,Batchelors,Pack,UK,3.5,UK
574,Maggi,Pack,India,3.75,IND
573,Noah Foods,Bowl,Vietnam,2,VNM
572,Maruchan,Tray,USA,3,USA
571,Shirakiku,Pack,Japan,3.25,JPN
570,O Sung,Cup,South Korea,2.5,PRK
569,Saigon Ve Wong,Bowl,Vietnam,3,VNM
568,Paldo,Cup,South Korea,4,PRK
567,Goku Uma,Bowl,Japan,3.5,JPN
566,Foodmon,Bowl,South Korea,5,PRK
565,Batchelors,Bowl,UK,4,UK
564,Uni-President,Cup,Taiwan,3.75,TWN
563,Yum Yum,Pack,Thailand,3.25,THA
562,Batchelors,Pack,UK,4.25,UK
561,Sahmyook,Pack,South Korea,3.25,PRK
560,Myojo,Bowl,Japan,4,JPN
559,Wai Wai,Cup,Thailand,3,THA
558,Long Kow,Bowl,China,1.5,CHN
557,Batchelors,Pack,UK,3.75,UK
556,Mi Sedaap,Pack,Indonesia,4.75,IDN
555,Batchelors,Pack,UK,2.75,UK
554,Yum Yum,Pack,Thailand,3.5,THA
553,Samyang,Cup,South Korea,2.75,PRK
552,Super Bihun,Pack,Indonesia,3,IDN
551,Batchelors,Pack,UK,3.25,UK
550,Nissin,Pack,Japan,4.25,JPN
549,Mi Sedaap,Pack,Indonesia,4,IDN
548,Pot Noodle,Cup,UK,3.75,UK
547,Lucky Me!,Pack,Philippines,5,PHL
546,Yum Yum,Pack,Thailand,3.5,THA
545,Golden Wheat,Pack,China,3.5,CHN
544,Unox,Pack,Holland,3.5,NLD
543,Menraku,Bowl,Japan,4.75,JPN
542,Mi Sedaap,Pack,Indonesia,3,IDN
541,Yum Yum,Pack,Thailand,3.5,THA
540,Nissin,Pack,USA,3.25,USA
539,Nissin,Pack,Japan,3,JPN
538,Lucky Me!,Pack,Philippines,0.5,PHL
537,Mama,Pack,Thailand,2,THA
536,Ottogi,Pack,South Korea,4.25,PRK
535,Wai Wai,Pack,Thailand,0.9,THA
534,Mama,Pack,Thailand,3.1,THA
533,Paldo,Pack,South Korea,4.75,PRK
532,Doll,Pack,Hong Kong,4.25,HKG
531,Yum Yum,Pack,Thailand,3.25,THA
530,Mee Jang,Bowl,Thailand,3.5,THA
529,Sapporo Ichiban,Pack,USA,2,USA
528,Unox,Pack,Holland,3.75,NLD
527,Little Cook,Bowl,Thailand,2.75,THA
526,Annie Chun's,Pack,USA,1.5,USA
525,JML,Pack,China,3.75,CHN
524,Nissin,Cup,Hong Kong,3.75,HKG
523,Dragonfly,Bowl,China,4.5,CHN
522,Samyang,Pack,South Korea,4.25,PRK
521,Menraku,Bowl,Japan,4.25,JPN
520,Nan Hsing,Bowl,Taiwan,0.25,TWN
519,Snapdragon,Cup,Singapore,2,SGP
518,Dragonfly,Bowl,China,4.5,CHN
517,Thai Kitchen,Pack,USA,4.25,USA
516,Wang,Bowl,South Korea,3.5,PRK
515,Tradition,Cup,USA,2.5,USA
514,Shirakiku,Bowl,Japan,3,JPN
513,Dragonfly,Bowl,China,4,CHN
512,Paldo,Bowl,South Korea,3.75,PRK
511,Menraku,Bowl,Japan,2.75,JPN
510,Snapdragon,Cup,Singapore,3.75,SGP
509,Ve Wong,Bowl,Taiwan,4,TWN
508,Samyang,Cup,South Korea,3.75,PRK
507,Dragonfly,Bowl,China,3.75,CHN
506,Nongshim,Cup,South Korea,2.5,PRK
505,JML,Pack,China,3.5,CHN
504,Knorr,Pack,Pakistan,3,PAK
503,GreeNoodle,Pack,Thailand,1,THA
502,Sunlee,Bowl,Thailand,2,THA
501,Nongshim,Pack,South Korea,3.25,PRK
500,Mexi-Ramen,Pack,USA,2.5,USA
499,Dragonfly,Bowl,China,4.75,CHN
498,Hsin Tung Yang,Pack,Taiwan,0,TWN
497,Nissin,Pack,Japan,4,JPN
496,Maruchan,Tray,USA,2.75,USA
495,Ottogi,Pack,South Korea,3.25,PRK
494,Snapdragon,Cup,Singapore,3.5,SGP
493,Pulmuone,Pack,South Korea,3,PRK
492,Noah Foods,Bowl,Vietnam,2.75,VNM
491,JML,Pack,China,3.75,CHN
490,Foodmon,Bowl,South Korea,5,PRK
489,JML,Pack,China,3.25,CHN
488,Kailo,Bowl,Hong Kong,3.5,HKG
487,Kailo,Bowl,Hong Kong,2.75,HKG
486,Kamfen,Pack,China,3,CHN
485,Ottogi,Cup,South Korea,3,PRK
484,Ottogi,Cup,South Korea,4.25,PRK
483,Itomen,Bowl,Japan,4.5,JPN
482,Menraku,Bowl,Japan,4.5,JPN
481,Thai Kitchen,Bowl,USA,3.75,USA
480,Thai Kitchen,Bowl,USA,3.25,USA
479,Nongshim,Pack,South Korea,3.75,PRK
478,Vedan,Pack,Taiwan,1.75,TWN
477,Mr. Udon,Pack,South Korea,3,PRK
476,Annie Chun's,Bowl,USA,1.75,USA
475,Gefen,Pack,USA,3.25,USA
474,Saigon Ve Wong,Bowl,Vietnam,3.75,VNM
473,Myojo,Bowl,Japan,4.5,JPN
472,Thai Kitchen,Bowl,USA,3.75,USA
471,Koyo,Pack,USA,1.5,USA
470,Maruchan,Pack,USA,3.25,USA
469,Gefen,Pack,USA,3.5,USA
468,Paldo,Pack,South Korea,3.75,PRK
467,Vifon,Pack,Vietnam,1.75,VNM
466,Saigon Ve Wong,Bowl,Vietnam,3.5,VNM
465,Nissin,Bowl,USA,2.75,USA
464,Mama,Pack,Thailand,3.25,THA
463,Ottogi,Pack,South Korea,3,PRK
462,Nissin,Pack,USA,3.5,USA
461,Samyang,Pack,South Korea,3.5,PRK
460,Menraku,Bowl,Japan,5,JPN
459,Gefen,Pack,USA,3,USA
458,Ve Wong,Bowl,Taiwan,3.75,TWN
457,Ibumie,Pack,Malaysia,4.5,MYS
456,Ve Wong,Bowl,Taiwan,3.75,TWN
455,Baijia,Cup,China,0.25,CHN
454,Koyo,Pack,USA,1.5,USA
453,Nongshim,Bowl,USA,3.25,USA
452,Myojo,Pack,Japan,4,JPN
451,Myojo,Bowl,Japan,4,JPN
450,Ottogi,Pack,South Korea,3.25,PRK
449,Wu Mu,Pack,Taiwan,4.25,TWN
448,Ve Wong,Bowl,Taiwan,3.75,TWN
447,Ve Wong,Pack,Vietnam,4.75,VNM
446,Sao Tao,Bowl,Hong Kong,2.25,HKG
445,iNoodle,Pack,Taiwan,2.25,TWN
444,Mr. Udon,Pack,South Korea,3.25,PRK
443,Lucky Me!,Pack,Philippines,4,PHL
442,Nongshim,Pack,South Korea,4.5,PRK
441,Ottogi,Pack,South Korea,3.75,PRK
440,Maruchan,Cup,USA,2.75,USA
439,Little Cook,Bowl,Thailand,3,THA
438,Samyang,Bowl,South Korea,3.75,PRK
437,Nongshim,Bowl,South Korea,3.25,PRK
436,Unif,Bowl,Taiwan,3.75,TWN
435,Mi Sedaap,Pack,Indonesia,4.25,IDN
434,Mi Sedaap,Pack,Indonesia,4.5,IDN
433,Lucky Me!,Bowl,Philippines,3.25,PHL
432,Ve Wong,Bowl,Taiwan,2.5,TWN
431,Unif / Tung-I,Pack,Taiwan,2.75,TWN
430,Quickchow,Pack,Philippines,5,PHL
429,Quickchow,Pack,Philippines,3.75,PHL
427,Koka,Pack,Singapore,5,SGP
426,Vifon,Pack,Vietnam,3,VNM
425,Chikara,Pack,USA,4.5,USA
424,Q,Pack,Taiwan,3.25,TWN
423,Noodle Time,Cup,South Korea,3,PRK
422,Vifon,Bowl,Vietnam,4,VNM
421,Myojo,Bowl,Japan,2.75,JPN
420,Sapporo Ichiban,Cup,USA,3.5,USA
419,Myojo,Bowl,Japan,4.25,JPN
418,iNoodle,Pack,Taiwan,3.75,TWN
417,Vifon,Pack,Vietnam,3.5,VNM
416,Sapporo Ichiban,Cup,USA,3.75,USA
415,Ve Wong,Bowl,Taiwan,3.75,TWN
414,Doll,Pack,Hong Kong,2.5,HKG
413,Souper,Pack,Taiwan,4.25,TWN
412,Maruchan,Bowl,Japan,4.125,JPN
411,Sunlee,Bowl,Thailand,3.25,THA
410,Lucky Me!,Pack,Philippines,3.75,PHL
409,Payless,Pack,Philippines,4,PHL
408,Gomex,Pack,Vietnam,2.25,VNM
407,Ottogi,Cup,South Korea,3.5,PRK
406,Vifon,Pack,Vietnam,3.75,VNM
405,Ibumie,Pack,Malaysia,3.25,MYS
404,Vina Acecook,Pack,Vietnam,3.75,VNM
403,Maruchan,Cup,USA,2.25,USA
402,Sao Tao,Bowl,Hong Kong,3,HKG
401,Myojo,Bowl,Japan,4.25,JPN
400,Nissin,Cup,Hong Kong,4.25,HKG
399,Paldo,Cup,South Korea,3.75,PRK
398,Paldo,Bowl,South Korea,3.75,PRK
397,Quickchow,Cup,Philippines,3,PHL
396,Vina Acecook,Bowl,Vietnam,4.25,VNM
395,Ottogi,Cup,South Korea,3,PRK
394,Paldo,Cup,South Korea,3.5,PRK
393,Kamfen,Tray,China,2,CHN
392,Nissin,Tray,Japan,5,JPN
391,Myojo,Pack,Japan,4.25,JPN
390,Menraku,Bowl,Japan,4,JPN
389,Mama,Pack,Thailand,2.75,THA
388,Maruchan,Cup,USA,2.75,USA
387,Nissin,Bowl,USA,3.75,USA
386,US Canning,Tray,USA,0,USA
385,Ve Wong,Bowl,Taiwan,1.25,TWN
384,Nissin,Pack,Japan,4,JPN
383,Lucky Me!,Pack,Philippines,2.75,PHL
382,Lucky Me!,Pack,Philippines,2.5,PHL
381,Saigon Ve Wong,Pack,Vietnam,4.25,VNM
380,Rhee Bros Assi,Tray,South Korea,3.75,PRK
379,Nissin,Tray,USA,2.5,USA
378,Ve Wong,Bowl,Taiwan,3.75,TWN
377,Sau Tao,Bowl,Hong Kong,4,HKG
376,Sau Tao,Bowl,Hong Kong,2.75,HKG
375,Vifon,Pack,Vietnam,0.5,VNM
374,Vifon,Pack,Vietnam,3.75,VNM
373,Nissin,Cup,USA,2.75,USA
372,Noodle Time,Bowl,Canada,0.5,CAN
371,Nissin,Tray,USA,3.75,USA
370,Fuku,Pack,Hong Kong,5,HKG
369,Bon Go Jang,Tray,South Korea,3.75,PRK
368,Knorr,Cup,Thailand,3.5,THA
367,Saigon Ve Wong,Pack,Vietnam,3.25,VNM
366,Payless,Pack,Philippines,2.75,PHL
365,Nissin,Cup,Singapore,3.25,SGP
364,Sao Tao,Bowl,Hong Kong,2.5,HKG
363,Nissin,Pack,Japan,3.5,JPN
362,Vina Acecook,Pack,Vietnam,4.5,VNM
361,Tayho,Bowl,USA,1.25,USA
360,Nissin,Cup,USA,2.5,USA
359,Nissin,Bowl,USA,3.75,USA
358,Doll,Pack,Hong Kong,3.75,HKG
357,Payless,Pack,Philippines,4,PHL
356,Maruchan,Pack,USA,2.75,USA
355,Nongshim,Bowl,South Korea,2.5,PRK
354,Maruchan,Cup,USA,3,USA
353,Nissin,Pack,USA,3.25,USA
352,Maruchan,Pack,USA,2.75,USA
351,Nissin,Pack,USA,3,USA
350,Nissin,Bowl,USA,3.5,USA
349,Ottogi,Bowl,South Korea,3.25,PRK
348,Paldo,Bowl,South Korea,3.5,PRK
347,Sunny Maid,Pack,Taiwan,1.75,TWN
346,Paldo,Bowl,South Korea,3.125,PRK
345,Myojo,Pack,Japan,3.5,JPN
344,Paldo,Pack,South Korea,3.75,PRK
343,Super Bihun,Pack,Indonesia,4.5,IDN
342,Nongshim,Bowl,South Korea,3.5,PRK
341,Vina Acecook,Pack,Vietnam,3.75,VNM
340,Shirakiku,Pack,Japan,4,JPN
339,Payless,Pack,Philippines,4.5,PHL
338,Nissin,Cup,USA,2.25,USA
337,Maruchan,Pack,USA,5,USA
336,Six Fortune,Pack,South Korea,3.5,PRK
335,Goku Uma,Bowl,Japan,3.5,JPN
334,Nissin,Cup,USA,2.125,USA
333,Nissin,Cup,USA,2.25,USA
332,Nongshim,Cup,South Korea,3.75,PRK
331,Sunlee,Bowl,Thailand,4.5,THA
330,Vifon,Pack,Vietnam,3.25,VNM
329,Mee Jang,Bowl,Thailand,3.5,THA
328,Nongshim,Bowl,South Korea,4.5,PRK
327,Gomex,Pack,Vietnam,3.5,VNM
326,Little Cook,Bowl,Thailand,4,THA
325,Mee Jang,Bowl,Thailand,3.5,THA
324,Nongshim,Bowl,South Korea,3.5,PRK
323,Ottogi,Cup,South Korea,3.5,PRK
322,Unif,Bowl,Taiwan,3.75,TWN
321,Little Cook,Bowl,Thailand,4.75,THA
320,Maruchan,Pack,USA,4,USA
319,Maruchan,Pack,USA,3.75,USA
318,Unif,Bowl,Taiwan,3.25,TWN
317,Maruchan,Tray,USA,4,USA
316,Unif,Bowl,Taiwan,3.5,TWN
315,Unif,Bowl,Taiwan,2.75,TWN
314,Paldo,Tray,South Korea,2.5,PRK
313,Paldo,Tray,South Korea,4.25,PRK
312,Lucky Me!,Bowl,Philippines,1.75,PHL
311,Vifon,Pack,Vietnam,2,VNM
310,Lucky Me!,Pack,Philippines,2.5,PHL
309,Paldo,Tray,South Korea,3.75,PRK
308,Tradition,Pack,USA,3.75,USA
307,Royal Umbrella,Cup,Thailand,2.75,THA
306,Rhee Bros Assi,Tray,South Korea,3.75,PRK
305,Lucky Me!,Bowl,Philippines,3.75,PHL
304,Mama,Bowl,Thailand,3.5,THA
303,Paldo,Tray,South Korea,3.25,PRK
302,Samyang,Bowl,South Korea,3.75,PRK
301,Dragonfly,Bowl,China,4.5,CHN
300,Wu Mu,Pack,Taiwan,5,TWN
299,Lucky Me!,Bowl,Philippines,3.75,PHL
298,Nongshim,Pack,South Korea,2.75,PRK
297,Rhee Bros Assi,Tray,South Korea,3.25,PRK
296,Nissin,Cup,Hong Kong,3.25,HKG
295,Tablemark,Bowl,Japan,4.5,JPN
294,Paldo,Pack,South Korea,3.75,PRK
293,Tiger,Bowl,Taiwan,0,TWN
292,Paldo,Pack,South Korea,3.75,PRK
291,Nongshim,Bowl,South Korea,3,PRK
290,Doll,Pack,Hong Kong,3,HKG
289,Paldo,Pack,South Korea,2,PRK
288,Saigon Ve Wong,Pack,South Korea,3.25,PRK
287,Paldo,Cup,South Korea,3.75,PRK
286,Myojo,Tray,Japan,4,JPN
285,Doll,Pack,Hong Kong,4.5,HKG
284,Nissin,Cup,Hong Kong,4.5,HKG
283,Paldo,Cup,South Korea,4,PRK
282,Doll,Pack,Hong Kong,4.25,HKG
281,Mama,Cup,Thailand,3,THA
280,Rhee Bros Assi,Tray,South Korea,4,PRK
279,Rhee Bros Assi,Tray,South Korea,3.75,PRK
278,Fortune,Pack,USA,3,USA
277,Vina Acecook,Pack,Vietnam,4,VNM
276,Wai Wai,Pack,Thailand,3.25,THA
275,Mama,Cup,Thailand,3.75,THA
274,Ve Wong,Pack,Taiwan,4,TWN
273,Wai Wai,Pack,Thailand,2.5,THA
272,Vina Acecook,Pack,Vietnam,3.5,VNM
271,Paldo,Pack,South Korea,3.5,PRK
270,Wu Mu,Pack,Taiwan,2,TWN
269,Paldo,Bowl,South Korea,3.5,PRK
268,Nissin,Cup,USA,3.5,USA
267,Mama,Cup,Thailand,2,THA
266,Vina Acecook,Pack,Vietnam,4,VNM
265,Nissin,Cup,USA,3.5,USA
264,Vina Acecook,Pack,Vietnam,3.75,VNM
263,Nissin,Tray,USA,1.5,USA
262,Vina Acecook,Pack,Vietnam,3.75,VNM
261,Vina Acecook,Pack,Vietnam,3.75,VNM
260,Nissin,Bowl,USA,3.5,USA
259,Vina Acecook,Pack,Vietnam,4,VNM
258,Royal Umbrella,Cup,Thailand,3.25,THA
257,Nissin,Cup,USA,3.5,USA
256,Nissin,Cup,USA,3.5,USA
255,Mama,Cup,Thailand,3.75,THA
254,Vina Acecook,Pack,Vietnam,4,VNM
253,Nongshim,Bowl,USA,4.25,USA
252,Fortune,Pack,USA,3.25,USA
251,Fortune,Pack,USA,3.5,USA
250,Wu Mu,Pack,Taiwan,3.75,TWN
249,Unif,Pack,Taiwan,3.75,TWN
248,Koka,Pack,Singapore,4.75,SGP
247,Myojo,Pack,Japan,3,JPN
246,Mama,Pack,Thailand,3,THA
245,Six Fortune,Pack,South Korea,3.75,PRK
244,Nissin,Tray,Japan,4.75,JPN
243,Myojo,Pack,Japan,4.5,JPN
242,Fashion Foods,Bowl,Thailand,2,THA
241,Fu Chang Chinese Noodle Company,Tray,USA,4,USA
240,Sanyo Foods,Bowl,Japan,4.5,JPN
239,Ottogi,Pack,South Korea,1.75,PRK
238,Nissin,Bowl,USA,4,USA
237,Koka,Bowl,Singapore,3,SGP
236,Koka,Pack,Singapore,5,SGP
235,Koka,Pack,Singapore,4.25,SGP
234,Myojo,Pack,Japan,3.75,JPN
233,Koka,Bowl,Singapore,3.5,SGP
232,Indomie,Pack,Indonesia,5,IDN
231,Indomie,Pack,Indonesia,4.5,IDN
230,Lucky Me!,Bowl,Philippines,3.75,PHL
229,Myojo,Pack,Japan,3.75,JPN
228,Vifon,Bowl,Vietnam,2,VNM
227,Quickchow,Pack,Philippines,1.75,PHL
226,Nissin,Tray,USA,4,USA
225,Ottogi,Pack,South Korea,3.75,PRK
224,Mama,Bowl,Thailand,2.75,THA
223,Koka,Bowl,Singapore,4.25,SGP
222,Myojo,Pack,Japan,3,JPN
221,Nissin,Pack,USA,3.75,USA
220,Wei Lih,Pack,Taiwan,3,TWN
219,Six Fortune,Pack,South Korea,2.75,PRK
218,Maruchan,Tray,USA,3,USA
217,Samyang,Bowl,South Korea,4,PRK
216,Maruchan,Cup,USA,2.75,USA
215,Maruchan,Tray,USA,2,USA
214,Maruchan,Tray,USA,2,USA
213,Nongshim,Bowl,USA,4,USA
212,Maruchan,Tray,USA,3.75,USA
211,Vina Acecook,Tray,Vietnam,3.5,VNM
210,Rocket Brand,Pack,China,2.5,CHN
209,Nissin,Bowl,USA,3,USA
208,Sao Tao,Pack,China,4.25,CHN
207,Sapporo Ichiban,Pack,USA,3.5,USA
206,Bon Go Jang,Bowl,South Korea,3,PRK
205,Sapporo Ichiban,Pack,USA,4.5,USA
204,Nongshim,Bowl,USA,2.5,USA
203,Nongshim,Bowl,USA,2,USA
202,Nongshim,Bowl,USA,3.25,USA
201,Nongshim,Bowl,USA,3.5,USA
200,Nongshim,Bowl,USA,4.5,USA
199,Samyang,Pack,South Korea,2,PRK
198,Shirakiku,Bowl,Japan,4.25,JPN
197,Rhee Bros Assi,Tray,South Korea,2.25,PRK
196,Nissin,Cup,India,1.5,IND
195,Myojo,Pack,Japan,3,JPN
194,Saigon Ve Wong,Pack,Vietnam,3.5,VNM
193,Boss,Bowl,Thailand,2.5,THA
192,Paldo,Pack,South Korea,4.25,PRK
191,Wu Mu,Pack,Taiwan,3.25,TWN
190,Maggi,Pack,Malaysia,2.9,MYS
189,Nissin,Cup,India,3,IND
188,Nongshim,Pack,South Korea,4,PRK
187,Paldo,Pack,South Korea,4,PRK
186,Paldo,Pack,South Korea,3.5,PRK
185,Shirakiku,Bowl,Japan,3.75,JPN
184,Myojo,Pack,Japan,3.75,JPN
183,Nissin,Bowl,USA,2,USA
182,Myojo,Pack,Japan,3.25,JPN
181,Kamfen,Pack,China,2,CHN
180,Myojo,Tray,Japan,4.75,JPN
179,Mama,Pack,Thailand,3,THA
178,Mama,Pack,Thailand,2,THA
177,Vifon,Pack,Vietnam,3.75,VNM
176,Paldo,Tray,South Korea,4.125,PRK
175,Samyang,Pack,South Korea,3,PRK
174,Lucky Me!,Pack,Philippines,0.25,PHL
173,Unif / Tung-I,Pack,Taiwan,1.5,TWN
172,Mama,Pack,Thailand,3.75,THA
171,Samyang,Pack,South Korea,3.75,PRK
170,Myojo,Pack,Japan,3.5,JPN
169,Samyang,Pack,South Korea,2.25,PRK
168,JFC,Bowl,Japan,3.75,JPN
167,Wai Wai,Pack,Thailand,2.5,THA
166,Koyo,Pack,USA,3.25,USA
165,Doll,Pack,Hong Kong,3.5,HKG
164,Unif / Tung-I,Pack,Taiwan,3.75,TWN
163,Vifon,Pack,Vietnam,3.5,VNM
162,Myojo,Pack,Japan,3.75,JPN
161,Paldo,Pack,South Korea,0,PRK
160,Myojo,Bowl,Japan,1.5,JPN
159,Mama,Pack,Thailand,1.75,THA
158,Mama,Cup,Thailand,2.5,THA
157,Nissin,Cup,Philippines,2,PHL
156,Maruchan,Cup,USA,3,USA
155,Lucky Me!,Pack,Philippines,4.75,PHL
154,Nissin,Cup,USA,1.75,USA
153,Sapporo Ichiban,Cup,USA,1.75,USA
152,Wu Mu,Pack,Taiwan,4.5,TWN
151,Shirakiku,Pack,Japan,3,JPN
150,Chorip Dong,Bowl,South Korea,4.25,PRK
149,Maruchan,Bowl,Japan,4,JPN
148,Myojo,Pack,Japan,3.75,JPN
147,Higashi,Pack,Japan,5,JPN
146,Mama,Pack,Thailand,2.5,THA
145,Sakurai,Pack,Japan,3.5,JPN
144,Nongshim,Pack,South Korea,3.5,PRK
143,Mama,Pack,Thailand,2.75,THA
142,Nissin,Tray,USA,4.5,USA
141,Six Fortune,Pack,South Korea,2.5,PRK
140,Mama,Pack,Thailand,5,THA
139,Kamfen,Pack,China,1.75,CHN
137,Nissin,Bowl,USA,1.75,USA
136,Mama,Pack,Thailand,5,THA
135,Unif / Tung-I,Pack,Taiwan,3.25,TWN
134,Global Inspiration,Bowl,South Korea,2.25,PRK
133,Baijia,Pack,China,0,CHN
132,Ve Wong,Pack,Taiwan,3.5,TWN
131,Unif,Pack,Taiwan,3.25,TWN
130,Sapporo Ichiban,Pack,Japan,3.5,JPN
129,Nongshim,Pack,South Korea,3.5,PRK
128,Mama,Pack,Thailand,0.1,THA
127,Vifon,Pack,Vietnam,2.8,VNM
126,Mama,Pack,Thailand,1.5,THA
125,Shirakiku,Pack,Japan,3,JPN
124,Nissin,Tray,Japan,5,JPN
123,Wai Wai,Pack,Thailand,3.7,THA
122,Doll,Pack,Hong Kong,4,HKG
121,Ottogi,Pack,South Korea,4,PRK
120,Samyang,Pack,South Korea,4,PRK
119,Ve Wong,Pack,Taiwan,3.4,TWN
118,Paldo,Pack,South Korea,3.75,PRK
117,Ottogi,Pack,South Korea,4,PRK
116,Mama,Pack,Thailand,3.6,THA
115,Ottogi,Pack,South Korea,2.8,PRK
114,Samyang,Pack,South Korea,2.9,PRK
113,Nongshim,Pack,South Korea,4,PRK
112,Ottogi,Pack,South Korea,3.75,PRK
111,Ottogi,Pack,South Korea,3.25,PRK
110,Lucky Me!,Pack,Philippines,1.5,PHL
109,Mama,Pack,Thailand,3.1,THA
108,Teriyaki Time,Bowl,USA,2,USA
107,Ottogi,Pack,South Korea,1.1,PRK
106,GreeNoodle,Pack,Thailand,0.5,THA
105,Indomie,Pack,Indonesia,5,IDN
104,Maruchan,Pack,USA,2,USA
103,Ve Wong,Pack,Taiwan,3,TWN
102,Indomie,Pack,Indonesia,1.5,IDN
101,Ve Wong,Pack,Taiwan,4.25,TWN
100,Unif / Tung-I,Pack,Taiwan,2.85,TWN
99,Ve Wong,Pack,Taiwan,2.75,TWN
98,Unif / Tung-I,Pack,Taiwan,2.5,TWN
97,Saigon Ve Wong,Pack,Vietnam,2.5,VNM
96,Saigon Ve Wong,Pack,Vietnam,3.75,VNM
95,Wei Lih,Pack,Taiwan,1,TWN
94,Mama,Pack,Thailand,2.5,THA
93,Payless,Pack,Philippines,4.5,PHL
92,Fashion Food,Bowl,Thailand,2,THA
91,Binh Tay,Pack,Vietnam,2.75,VNM
90,Long Kow,Pack,China,2.3,CHN
89,Unif,Pack,Taiwan,3.2,TWN
88,Paldo,Pack,South Korea,3.25,PRK
87,Wai Wai,Pack,Thailand,2.75,THA
86,Unif / Tung-I,Pack,Taiwan,3.65,TWN
85,Nissin,Pack,Japan,3.75,JPN
84,Samyang,Pack,South Korea,1.8,PRK
83,Nissin,Pack,Japan,2,JPN
82,Nissin,Pack,Japan,2.75,JPN
81,Unif / Tung-I,Pack,Taiwan,3.5,TWN
80,Unif / Tung-I,Pack,Taiwan,3.5,TWN
79,Sapporo Ichiban,Pack,Japan,3.25,JPN
78,Nissin,Pack,Japan,2.5,JPN
77,Nissin,Pack,Japan,3.25,JPN
76,Indomie,Pack,Indonesia,2.5,IDN
75,Indomie,Pack,Indonesia,4.5,IDN
74,Nissin,Pack,Japan,4,JPN
73,Nissin,Pack,Japan,3.5,JPN
72,Nissin,Pack,Japan,3.5,JPN
71,Nissin,Pack,Japan,2.5,JPN
70,Nissin,Pack,Japan,4,JPN
69,Baijia,Pack,China,1.75,CHN
68,Wei Lih,Pack,Taiwan,4,TWN
67,Maruchan,Pack,USA,2,USA
66,Maruchan,Pack,USA,4,USA
65,Nissin,Pack,USA,2.5,USA
64,Sapporo Ichiban,Pack,USA,3.5,USA
63,Nissin,Bowl,Japan,3,JPN
62,Maggi,Pack,India,1.5,IND
61,Maggi,Pack,India,2.5,IND
60,Maggi,Pack,India,2,IND
59,Maggi,Pack,India,3.5,IND
58,Ve Wong,Pack,Taiwan,3,TWN
57,Doll,Tray,Hong Kong,3,HKG
56,Doll,Pack,Hong Kong,1,HKG
55,Hua Feng Noodle Expert,Pack,China,1,CHN
54,Hua Feng Noodle Expert,Pack,China,3,CHN
53,Indomie,Cup,Indonesia,2,IDN
52,Indomie,Pack,Indonesia,4,IDN
51,Indomie,Pack,Indonesia,5,IDN
50,Indomie,Pack,Indonesia,5,IDN
49,Indomie,Pack,Indonesia,4.5,IDN
48,Indomie,Pack,Indonesia,3,IDN
47,Indomie,Pack,Indonesia,5,IDN
46,Indomie,Pack,Indonesia,3,IDN
45,Indomie,Pack,Indonesia,5,IDN
44,Indomie,Pack,Indonesia,4.25,IDN
43,Kim Ve Wong,Bowl,Taiwan,0,TWN
42,Ve Wong,Pack,Vietnam,2.75,VNM
41,Little Cook,Bowl,Thailand,0.5,THA
40,Lucky Me!,Pack,Philippines,3,PHL
39,Lucky Me!,Bowl,Philippines,3,PHL
38,Lucky Me!,Pack,Philippines,3,PHL
37,Lucky Me!,Pack,Philippines,3,PHL
36,Lucky Me!,Pack,Philippines,3,PHL
35,Mama,Pack,Thailand,3,THA
34,Maruchan,Pack,USA,2,USA
33,Koka,Pack,Singapore,3.75,SGP
32,Koka,Pack,Singapore,3.5,SGP
31,Myojo,Tray,Japan,4,JPN
30,Myojo,Pack,Japan,1,JPN
29,Mee Jang,Bowl,Thailand,3.5,THA
28,Nissin,Pack,Japan,5,JPN
27,Nissin,Pack,Japan,4,JPN
26,Nissin,Pack,Japan,4,JPN
25,Nissin,Pack,Japan,3,JPN
24,Nissin,Pack,Japan,2,JPN
23,Nissin,Pack,USA,4.5,USA
22,Nongshim,Pack,South Korea,3.75,PRK
21,Nongshim,Pack,South Korea,4,PRK
20,Nongshim,Pack,South Korea,3.5,PRK
19,Nongshim,Pack,South Korea,4,PRK
18,Ottogi,Pack,South Korea,3.5,PRK
17,Quickchow,Pack,Philippines,2.5,PHL
16,Samyang,Pack,South Korea,3.5,PRK
15,Samyang,Pack,South Korea,2.5,PRK
14,Samyang,Pack,South Korea,3.5,PRK
13,Sapporo Ichiban,Pack,Japan,5,JPN
12,Sapporo Ichiban,Pack,Japan,2.5,JPN
11,Six Fortune,Pack,South Korea,2,PRK
10,Smack,Pack,USA,1.5,USA
9,Sutah,Cup,South Korea,2,PRK
8,Tung-I,Pack,Taiwan,3,TWN
7,Ve Wong,Pack,Vietnam,1,VNM
6,Vifon,Pack,Vietnam,2.5,VNM
5,Vifon,Bowl,Vietnam,3.5,VNM
4,Wai Wai,Pack,Thailand,1,THA
3,Wai Wai,Pack,Thailand,2,THA
2,Wai Wai,Pack,Thailand,2,THA
1,Westbrae,Pack,USA,0.5,USA
